/*******************************************************************************
 * Size: 24 px
 * Bpp: 4
 * Opts: --no-compress --no-prefilter --bpp 4 --size 24 --format lvgl --lv-include lvgl.h --font firmware/core/fonts/GeistMono-Medium.ttf --range 0x20-0x7E,0xA0-0xFF,0x2013-0x2014,0x2018-0x201D,0x2022,0x2026,0x2212 -o firmware/core/src/ui/fonts/charm_text_24.c
 ******************************************************************************/

#ifdef LV_LVGL_H_INCLUDE_SIMPLE
#include "lvgl.h"
#else
#include "lvgl.h"
#endif

#ifndef CHARM_TEXT_24
#define CHARM_TEXT_24 1
#endif

#if CHARM_TEXT_24

/*-----------------
 *    BITMAPS
 *----------------*/

/*Store the image of the glyphs*/
static LV_ATTRIBUTE_LARGE_CONST const uint8_t glyph_bitmap[] = {
    /* U+0020 " " */

    /* U+0021 "!" */
    0xf, 0xf6, 0xf, 0xf6, 0xf, 0xf6, 0xf, 0xf6,
    0xf, 0xf6, 0xf, 0xf6, 0xf, 0xf6, 0xf, 0xf5,
    0xe, 0xf4, 0xc, 0xf3, 0xb, 0xf2, 0x8, 0xd0,
    0x0, 0x0, 0x12, 0x22, 0x7f, 0xfd, 0x7f, 0xfd,
    0x7f, 0xfd,

    /* U+0022 "\"" */
    0x4f, 0xf3, 0xd, 0xfb, 0x4f, 0xf3, 0xd, 0xfb,
    0x4f, 0xf3, 0xd, 0xfb, 0x3f, 0xf3, 0xc, 0xf9,
    0x2f, 0xf2, 0xc, 0xf8, 0xf, 0xf2, 0xc, 0xf6,
    0xf, 0xf2, 0xc, 0xf5, 0xd, 0xf2, 0xc, 0xf3,
    0x8, 0xb1, 0x8, 0xb1,

    /* U+0023 "#" */
    0x0, 0x0, 0xcf, 0x30, 0xf, 0xf1, 0x0, 0x0,
    0xf, 0xf0, 0x2, 0xfd, 0x0, 0x0, 0x3, 0xfd,
    0x0, 0x6f, 0xa0, 0x0, 0x0, 0x6f, 0x90, 0x9,
    0xf7, 0x0, 0xc, 0xff, 0xff, 0xff, 0xff, 0xff,
    0x40, 0xef, 0xff, 0xff, 0xff, 0xff, 0xf1, 0x0,
    0xf, 0xf0, 0x2, 0xfe, 0x0, 0x0, 0x2, 0xfe,
    0x0, 0x5f, 0xb0, 0x0, 0x0, 0x4f, 0xb0, 0x7,
    0xf8, 0x0, 0x0, 0x7, 0xf8, 0x0, 0xaf, 0x50,
    0x0, 0xbf, 0xff, 0xff, 0xff, 0xff, 0xf4, 0xd,
    0xff, 0xff, 0xff, 0xff, 0xff, 0x20, 0x0, 0xff,
    0x0, 0x3f, 0xd0, 0x0, 0x0, 0x2f, 0xd0, 0x5,
    0xfa, 0x0, 0x0, 0x5, 0xfb, 0x0, 0x8f, 0x80,
    0x0, 0x0, 0x8f, 0x80, 0xb, 0xf5, 0x0, 0x0,
    0xa, 0xf6, 0x0, 0xdf, 0x20, 0x0, 0x0,

    /* U+0024 "$" */
    0x0, 0x0, 0x3, 0x40, 0x0, 0x0, 0x0, 0x0,
    0x0, 0xbf, 0x20, 0x0, 0x0, 0x0, 0x0, 0xb,
    0xf2, 0x0, 0x0, 0x0, 0x3, 0xbf, 0xff, 0xfc,
    0x40, 0x0, 0x6, 0xff, 0xff, 0xff, 0xff, 0x70,
    0x1, 0xff, 0xe6, 0xcf, 0x8e, 0xff, 0x30, 0x6f,
    0xf3, 0xb, 0xf2, 0x2f, 0xfa, 0x8, 0xff, 0x0,
    0xbf, 0x20, 0xaf, 0xf0, 0x7f, 0xf2, 0xb, 0xf2,
    0x1, 0x33, 0x2, 0xff, 0xe7, 0xcf, 0x20, 0x0,
    0x0, 0x6, 0xff, 0xff, 0xf8, 0x20, 0x0, 0x0,
    0x2, 0xaf, 0xff, 0xff, 0xb2, 0x0, 0x0, 0x0,
    0x1c, 0xff, 0xff, 0xf4, 0x0, 0x0, 0x0, 0xbf,
    0x26, 0xff, 0xe0, 0xbc, 0x80, 0xb, 0xf2, 0x5,
    0xff, 0x4b, 0xfe, 0x0, 0xbf, 0x20, 0x2f, 0xf5,
    0x6f, 0xf8, 0xb, 0xf2, 0x6, 0xff, 0x40, 0xdf,
    0xfa, 0xdf, 0x68, 0xff, 0xd0, 0x2, 0xef, 0xff,
    0xff, 0xff, 0xf3, 0x0, 0x0, 0x8d, 0xff, 0xfd,
    0x91, 0x0, 0x0, 0x0, 0xb, 0xf2, 0x0, 0x0,
    0x0, 0x0, 0x0, 0xbf, 0x20, 0x0, 0x0,

    /* U+0025 "%" */
    0x3, 0xcf, 0xe7, 0x0, 0x0, 0x1e, 0xe0, 0x2,
    0xff, 0xae, 0xf7, 0x0, 0x9, 0xf5, 0x0, 0x9f,
    0x60, 0x1f, 0xe0, 0x3, 0xfb, 0x0, 0xb, 0xf2,
    0x0, 0xdf, 0x10, 0xcf, 0x20, 0x0, 0xbf, 0x20,
    0xd, 0xf1, 0x6f, 0x80, 0x0, 0x9, 0xf6, 0x1,
    0xfe, 0x1e, 0xe0, 0x0, 0x0, 0x2f, 0xfa, 0xef,
    0x79, 0xf5, 0x0, 0x0, 0x0, 0x4c, 0xfe, 0x73,
    0xfc, 0x0, 0x0, 0x0, 0x0, 0x0, 0x0, 0xcf,
    0x20, 0x0, 0x0, 0x0, 0x0, 0x0, 0x5f, 0x93,
    0xcf, 0xe7, 0x0, 0x0, 0x0, 0xe, 0xe2, 0xff,
    0xbd, 0xf8, 0x0, 0x0, 0x8, 0xf6, 0x8f, 0x80,
    0x1f, 0xf0, 0x0, 0x2, 0xfc, 0xa, 0xf3, 0x0,
    0xcf, 0x20, 0x0, 0xbf, 0x30, 0xaf, 0x30, 0xc,
    0xf2, 0x0, 0x5f, 0x90, 0x8, 0xf6, 0x0, 0xef,
    0x0, 0xe, 0xe1, 0x0, 0x1f, 0xf7, 0xbf, 0x80,
    0x8, 0xf6, 0x0, 0x0, 0x3b, 0xfd, 0x70, 0x0,

    /* U+0026 "&" */
    0x0, 0x2, 0xae, 0xfe, 0xa1, 0x0, 0x0, 0x0,
    0x3f, 0xff, 0xff, 0xfe, 0x10, 0x0, 0x0, 0xbf,
    0xf8, 0x5a, 0xff, 0x70, 0x0, 0x0, 0xef, 0xb0,
    0x0, 0xef, 0x90, 0x0, 0x0, 0xdf, 0xa0, 0x0,
    0xff, 0x70, 0x0, 0x0, 0x9f, 0xe0, 0x7, 0xff,
    0x10, 0x0, 0x0, 0x2f, 0xf9, 0x9f, 0xf5, 0x0,
    0x0, 0x0, 0x7, 0xff, 0xfd, 0x30, 0x0, 0x0,
    0x0, 0x6f, 0xff, 0xf5, 0x0, 0x0, 0x0, 0x6,
    0xff, 0xcc, 0xff, 0x20, 0x7, 0x95, 0x2f, 0xfb,
    0x1, 0xdf, 0xe1, 0xc, 0xf8, 0x7f, 0xf2, 0x0,
    0x2f, 0xfc, 0x1f, 0xf4, 0x9f, 0xf0, 0x0, 0x4,
    0xff, 0xef, 0xe0, 0x8f, 0xf4, 0x0, 0x0, 0x7f,
    0xff, 0x50, 0x3f, 0xfe, 0x85, 0x47, 0xdf, 0xff,
    0x30, 0x9, 0xff, 0xff, 0xff, 0xff, 0xff, 0xd0,
    0x0, 0x5b, 0xef, 0xfd, 0xa4, 0x2f, 0xf9,

    /* U+0027 "'" */
    0x2f, 0xf8, 0x2f, 0xf8, 0x2f, 0xf8, 0x1f, 0xf7,
    0xf, 0xf7, 0xf, 0xf6, 0xe, 0xf5, 0xe, 0xf4,
    0x9, 0xb2,

    /* U+0028 "(" */
    0x0, 0x0, 0x7, 0x84, 0x0, 0x0, 0xbf, 0xc0,
    0x0, 0x9, 0xfe, 0x10, 0x0, 0x4f, 0xf4, 0x0,
    0x0, 0xdf, 0xb0, 0x0, 0x5, 0xff, 0x30, 0x0,
    0xb, 0xfe, 0x0, 0x0, 0xf, 0xf9, 0x0, 0x0,
    0x2f, 0xf6, 0x0, 0x0, 0x4f, 0xf4, 0x0, 0x0,
    0x5f, 0xf3, 0x0, 0x0, 0x5f, 0xf4, 0x0, 0x0,
    0x3f, 0xf5, 0x0, 0x0, 0x1f, 0xf8, 0x0, 0x0,
    0xd, 0xfb, 0x0, 0x0, 0x8, 0xff, 0x10, 0x0,
    0x2, 0xff, 0x70, 0x0, 0x0, 0x9f, 0xe1, 0x0,
    0x0, 0xd, 0xfa, 0x0, 0x0, 0x3, 0xff, 0x60,
    0x0, 0x0, 0x3f, 0xf4,

    /* U+0029 ")" */
    0x18, 0x83, 0x0, 0x0, 0x6, 0xfe, 0x20, 0x0,
    0x0, 0x8f, 0xe1, 0x0, 0x0, 0xd, 0xfb, 0x0,
    0x0, 0x4, 0xff, 0x40, 0x0, 0x0, 0xdf, 0xc0,
    0x0, 0x0, 0x7f, 0xf1, 0x0, 0x0, 0x3f, 0xf6,
    0x0, 0x0, 0xf, 0xf8, 0x0, 0x0, 0xe, 0xfa,
    0x0, 0x0, 0xd, 0xfb, 0x0, 0x0, 0xd, 0xfb,
    0x0, 0x0, 0xe, 0xfa, 0x0, 0x0, 0x1f, 0xf7,
    0x0, 0x0, 0x5f, 0xf3, 0x0, 0x0, 0xaf, 0xe0,
    0x0, 0x1, 0xff, 0x80, 0x0, 0x9, 0xfe, 0x10,
    0x0, 0x4f, 0xf5, 0x0, 0x1, 0xef, 0x80, 0x0,
    0x1d, 0xf9, 0x0, 0x0,

    /* U+002A "*" */
    0x0, 0x0, 0x0, 0x0, 0x0, 0x0, 0x0, 0x4e,
    0x50, 0x0, 0xd8, 0x0, 0x0, 0x4f, 0xe1, 0x9,
    0xfa, 0x0, 0x0, 0x8, 0xfb, 0x5f, 0xd1, 0x0,
    0x0, 0x0, 0xcf, 0xff, 0x30, 0x0, 0x1f, 0xff,
    0xff, 0xff, 0xff, 0xf7, 0x1e, 0xee, 0xff, 0xff,
    0xee, 0xe7, 0x0, 0x0, 0xdf, 0xff, 0x40, 0x0,
    0x0, 0x9, 0xfa, 0x4f, 0xe1, 0x0, 0x0, 0x5f,
    0xe1, 0x8, 0xfb, 0x0, 0x0, 0x3d, 0x40, 0x0,
    0xc7, 0x0, 0x0, 0x0, 0x0, 0x0, 0x0, 0x0,

    /* U+002B "+" */
    0x0, 0x0, 0xe, 0xf4, 0x0, 0x0, 0x0, 0x0,
    0xe, 0xf4, 0x0, 0x0, 0x0, 0x0, 0xe, 0xf4,
    0x0, 0x0, 0x0, 0x0, 0xe, 0xf4, 0x0, 0x0,
    0x13, 0x33, 0x3e, 0xf7, 0x33, 0x33, 0x9f, 0xff,
    0xff, 0xff, 0xff, 0xff, 0x9f, 0xff, 0xff, 0xff,
    0xff, 0xff, 0x0, 0x0, 0xe, 0xf4, 0x0, 0x0,
    0x0, 0x0, 0xe, 0xf4, 0x0, 0x0, 0x0, 0x0,
    0xe, 0xf4, 0x0, 0x0, 0x0, 0x0, 0xe, 0xf4,
    0x0, 0x0, 0x0, 0x0, 0x7, 0x82, 0x0, 0x0,

    /* U+002C "," */
    0x2, 0x21, 0x6f, 0xfc, 0x6f, 0xfc, 0x6f, 0xfc,
    0x2, 0xf8, 0x7, 0xf2, 0xd, 0xd0, 0x2f, 0x70,

    /* U+002D "-" */
    0x3, 0x33, 0x33, 0x33, 0x31, 0x2f, 0xff, 0xff,
    0xff, 0xf9, 0x2f, 0xff, 0xff, 0xff, 0xf9,

    /* U+002E "." */
    0x12, 0x22, 0x7f, 0xfd, 0x7f, 0xfd, 0x7f, 0xfd,

    /* U+002F "/" */
    0x0, 0x0, 0x0, 0x3, 0x87, 0x0, 0x0, 0x0,
    0xa, 0xf9, 0x0, 0x0, 0x0, 0x1f, 0xf4, 0x0,
    0x0, 0x0, 0x6f, 0xe0, 0x0, 0x0, 0x0, 0xbf,
    0x80, 0x0, 0x0, 0x1, 0xff, 0x30, 0x0, 0x0,
    0x7, 0xfd, 0x0, 0x0, 0x0, 0xc, 0xf7, 0x0,
    0x0, 0x0, 0x2f, 0xf2, 0x0, 0x0, 0x0, 0x8f,
    0xc0, 0x0, 0x0, 0x0, 0xdf, 0x70, 0x0, 0x0,
    0x3, 0xff, 0x10, 0x0, 0x0, 0x9, 0xfb, 0x0,
    0x0, 0x0, 0xe, 0xf6, 0x0, 0x0, 0x0, 0x4f,
    0xf0, 0x0, 0x0, 0x0, 0xaf, 0xa0, 0x0, 0x0,
    0x0, 0xff, 0x50, 0x0, 0x0, 0x5, 0xff, 0x0,
    0x0, 0x0, 0xb, 0xf9, 0x0, 0x0, 0x0, 0x1f,
    0xf4, 0x0, 0x0, 0x0, 0x6f, 0xe0, 0x0, 0x0,
    0x0,

    /* U+0030 "0" */
    0x0, 0x4, 0xbf, 0xfd, 0x70, 0x0, 0x0, 0x7,
    0xff, 0xff, 0xff, 0xc1, 0x0, 0x5, 0xff, 0xe7,
    0x6b, 0xff, 0xb0, 0x0, 0xdf, 0xe1, 0x0, 0xf,
    0xff, 0x40, 0x4f, 0xf6, 0x0, 0x7, 0xff, 0xfa,
    0x8, 0xff, 0x10, 0x1, 0xfe, 0xcf, 0xe0, 0xbf,
    0xe0, 0x0, 0xaf, 0x58, 0xff, 0x1c, 0xfc, 0x0,
    0x3f, 0xc0, 0x7f, 0xf2, 0xdf, 0xc0, 0xc, 0xf3,
    0x6, 0xff, 0x3c, 0xfd, 0x5, 0xf9, 0x0, 0x6f,
    0xf2, 0xbf, 0xe0, 0xef, 0x10, 0x8, 0xff, 0x18,
    0xff, 0xaf, 0x70, 0x0, 0xbf, 0xe0, 0x4f, 0xff,
    0xd0, 0x0, 0x1f, 0xfa, 0x0, 0xdf, 0xf5, 0x0,
    0x9, 0xff, 0x40, 0x5, 0xff, 0xe7, 0x5b, 0xff,
    0xb0, 0x0, 0x7, 0xff, 0xff, 0xff, 0xd1, 0x0,
    0x0, 0x4, 0xbf, 0xfd, 0x80, 0x0, 0x0,

    /* U+0031 "1" */
    0x0, 0x0, 0x1, 0xff, 0x10, 0x0, 0x0, 0x0,
    0x0, 0x4f, 0xf1, 0x0, 0x0, 0x1, 0x22, 0x5e,
    0xff, 0x10, 0x0, 0x0, 0xdf, 0xff, 0xff, 0xf1,
    0x0, 0x0, 0xd, 0xff, 0xff, 0xff, 0x10, 0x0,
    0x0, 0x0, 0x0, 0x7f, 0xf1, 0x0, 0x0, 0x0,
    0x0, 0x7, 0xff, 0x10, 0x0, 0x0, 0x0, 0x0,
    0x7f, 0xf1, 0x0, 0x0, 0x0, 0x0, 0x7, 0xff,
    0x10, 0x0, 0x0, 0x0, 0x0, 0x7f, 0xf1, 0x0,
    0x0, 0x0, 0x0, 0x7, 0xff, 0x10, 0x0, 0x0,
    0x0, 0x0, 0x7f, 0xf1, 0x0, 0x0, 0x0, 0x0,
    0x7, 0xff, 0x10, 0x0, 0x0, 0x0, 0x0, 0x7f,
    0xf1, 0x0, 0x0, 0x35, 0x55, 0x5a, 0xff, 0x65,
    0x55, 0xa, 0xff, 0xff, 0xff, 0xff, 0xff, 0xf1,
    0xaf, 0xff, 0xff, 0xff, 0xff, 0xff, 0x10,

    /* U+0032 "2" */
    0x0, 0x5, 0xbe, 0xfe, 0xc6, 0x0, 0x0, 0xb,
    0xff, 0xff, 0xff, 0xfc, 0x0, 0xb, 0xff, 0xd8,
    0x67, 0xdf, 0xfa, 0x3, 0xff, 0xc0, 0x0, 0x0,
    0xdf, 0xf0, 0x8f, 0xf2, 0x0, 0x0, 0x7, 0xff,
    0x25, 0x87, 0x0, 0x0, 0x0, 0x7f, 0xf2, 0x0,
    0x0, 0x0, 0x0, 0xc, 0xff, 0x0, 0x0, 0x0,
    0x0, 0x1b, 0xff, 0x80, 0x0, 0x0, 0x0, 0x8f,
    0xff, 0xa0, 0x0, 0x0, 0x5, 0xef, 0xfe, 0x60,
    0x0, 0x0, 0xa, 0xff, 0xf8, 0x10, 0x0, 0x0,
    0xc, 0xff, 0xb2, 0x0, 0x0, 0x0, 0x9, 0xff,
    0x80, 0x0, 0x0, 0x0, 0x2, 0xff, 0xa0, 0x0,
    0x0, 0x0, 0x0, 0x7f, 0xf8, 0x55, 0x55, 0x55,
    0x55, 0x1b, 0xff, 0xff, 0xff, 0xff, 0xff, 0xf4,
    0xcf, 0xff, 0xff, 0xff, 0xff, 0xff, 0x40,

    /* U+0033 "3" */
    0x0, 0x18, 0xdf, 0xfe, 0xa4, 0x0, 0x0, 0x3e,
    0xff, 0xff, 0xff, 0xf8, 0x0, 0xe, 0xff, 0xa6,
    0x69, 0xff, 0xf3, 0x5, 0xff, 0x60, 0x0, 0x4,
    0xff, 0x90, 0x24, 0x40, 0x0, 0x0, 0xf, 0xfa,
    0x0, 0x0, 0x0, 0x0, 0x3, 0xff, 0x70, 0x0,
    0x0, 0x4, 0x47, 0xef, 0xc0, 0x0, 0x0, 0x3,
    0xff, 0xff, 0x70, 0x0, 0x0, 0x0, 0x3f, 0xff,
    0xff, 0x70, 0x0, 0x0, 0x0, 0x0, 0x3b, 0xff,
    0x60, 0x0, 0x0, 0x0, 0x0, 0xc, 0xfe, 0x0,
    0x0, 0x0, 0x0, 0x0, 0x7f, 0xf2, 0xad, 0xa0,
    0x0, 0x0, 0x7, 0xff, 0x29, 0xff, 0x30, 0x0,
    0x1, 0xdf, 0xf0, 0x2f, 0xff, 0x96, 0x58, 0xef,
    0xf8, 0x0, 0x6f, 0xff, 0xff, 0xff, 0xfa, 0x0,
    0x0, 0x39, 0xdf, 0xfd, 0xa4, 0x0, 0x0,

    /* U+0034 "4" */
    0x0, 0x0, 0x0, 0x0, 0xaf, 0xf8, 0x0, 0x0,
    0x0, 0x0, 0x5, 0xff, 0xf8, 0x0, 0x0, 0x0,
    0x0, 0x1e, 0xff, 0xf8, 0x0, 0x0, 0x0, 0x0,
    0xbf, 0xdf, 0xf8, 0x0, 0x0, 0x0, 0x7, 0xff,
    0x2f, 0xf8, 0x0, 0x0, 0x0, 0x2f, 0xf6, 0xf,
    0xf8, 0x0, 0x0, 0x0, 0xdf, 0xa0, 0xf, 0xf8,
    0x0, 0x0, 0x9, 0xfd, 0x0, 0xf, 0xf8, 0x0,
    0x0, 0x4f, 0xf3, 0x0, 0xf, 0xf8, 0x0, 0x1,
    0xef, 0x70, 0x0, 0xf, 0xf8, 0x0, 0xb, 0xfb,
    0x0, 0x0, 0xf, 0xf8, 0x0, 0x2f, 0xff, 0xff,
    0xff, 0xff, 0xff, 0xf8, 0x2f, 0xff, 0xff, 0xff,
    0xff, 0xff, 0xf8, 0x5, 0x55, 0x55, 0x55, 0x5f,
    0xfa, 0x52, 0x0, 0x0, 0x0, 0x0, 0xf, 0xf8,
    0x0, 0x0, 0x0, 0x0, 0x0, 0xf, 0xf8, 0x0,
    0x0, 0x0, 0x0, 0x0, 0xf, 0xf8, 0x0,

    /* U+0035 "5" */
    0x5, 0xff, 0xff, 0xff, 0xff, 0xf1, 0x0, 0x7f,
    0xff, 0xff, 0xff, 0xff, 0x10, 0x9, 0xfe, 0x55,
    0x55, 0x55, 0x50, 0x0, 0xbf, 0xb0, 0x0, 0x0,
    0x0, 0x0, 0xd, 0xf9, 0x0, 0x0, 0x0, 0x0,
    0x0, 0xff, 0x78, 0xdf, 0xea, 0x20, 0x0, 0x1f,
    0xff, 0xff, 0xff, 0xff, 0x50, 0x3, 0xff, 0xfb,
    0x54, 0x8f, 0xff, 0x20, 0x5f, 0xf9, 0x0, 0x0,
    0x4f, 0xf9, 0x0, 0x0, 0x0, 0x0, 0x0, 0xcf,
    0xe0, 0x0, 0x0, 0x0, 0x0, 0xa, 0xff, 0x0,
    0x0, 0x0, 0x0, 0x0, 0xaf, 0xf0, 0x8f, 0xf1,
    0x0, 0x0, 0xd, 0xfd, 0x5, 0xff, 0x80, 0x0,
    0x6, 0xff, 0x80, 0xd, 0xff, 0xb6, 0x6a, 0xff,
    0xe1, 0x0, 0x2d, 0xff, 0xff, 0xff, 0xe3, 0x0,
    0x0, 0x7, 0xce, 0xfd, 0x81, 0x0, 0x0,

    /* U+0036 "6" */
    0x0, 0x1, 0x8d, 0xff, 0xd8, 0x10, 0x0, 0x4,
    0xef, 0xff, 0xff, 0xfd, 0x10, 0x2, 0xff, 0xf9,
    0x66, 0xaf, 0xfb, 0x0, 0xbf, 0xe2, 0x0, 0x0,
    0x7c, 0xb1, 0x2f, 0xf6, 0x0, 0x0, 0x0, 0x0,
    0x6, 0xff, 0x17, 0xdf, 0xeb, 0x50, 0x0, 0x9f,
    0xed, 0xff, 0xff, 0xff, 0x90, 0xc, 0xff, 0xfc,
    0x75, 0x7e, 0xff, 0x60, 0xdf, 0xf9, 0x0, 0x0,
    0x2f, 0xfd, 0xe, 0xff, 0x0, 0x0, 0x0, 0x8f,
    0xf2, 0xdf, 0xc0, 0x0, 0x0, 0x5, 0xff, 0x4c,
    0xfd, 0x0, 0x0, 0x0, 0x6f, 0xf3, 0x8f, 0xf1,
    0x0, 0x0, 0x9, 0xff, 0x13, 0xff, 0xb0, 0x0,
    0x3, 0xff, 0xc0, 0xb, 0xff, 0xc7, 0x69, 0xff,
    0xf4, 0x0, 0x1c, 0xff, 0xff, 0xff, 0xf6, 0x0,
    0x0, 0x6, 0xcf, 0xfd, 0x92, 0x0, 0x0,

    /* U+0037 "7" */
    0x9f, 0xff, 0xff, 0xff, 0xff, 0xff, 0x9, 0xff,
    0xff, 0xff, 0xff, 0xff, 0xf0, 0x35, 0x55, 0x55,
    0x55, 0x5e, 0xfb, 0x0, 0x0, 0x0, 0x0, 0x8,
    0xfe, 0x10, 0x0, 0x0, 0x0, 0x4, 0xff, 0x30,
    0x0, 0x0, 0x0, 0x1, 0xef, 0x70, 0x0, 0x0,
    0x0, 0x0, 0x9f, 0xd0, 0x0, 0x0, 0x0, 0x0,
    0x2f, 0xf4, 0x0, 0x0, 0x0, 0x0, 0x9, 0xfc,
    0x0, 0x0, 0x0, 0x0, 0x1, 0xff, 0x60, 0x0,
    0x0, 0x0, 0x0, 0x7f, 0xf1, 0x0, 0x0, 0x0,
    0x0, 0xc, 0xfb, 0x0, 0x0, 0x0, 0x0, 0x0,
    0xff, 0x80, 0x0, 0x0, 0x0, 0x0, 0x3f, 0xf5,
    0x0, 0x0, 0x0, 0x0, 0x6, 0xff, 0x30, 0x0,
    0x0, 0x0, 0x0, 0x8f, 0xf2, 0x0, 0x0, 0x0,
    0x0, 0x8, 0xff, 0x10, 0x0, 0x0, 0x0,

    /* U+0038 "8" */
    0x0, 0x6, 0xce, 0xfd, 0x91, 0x0, 0x0, 0xc,
    0xff, 0xff, 0xff, 0xf4, 0x0, 0x9, 0xff, 0xc7,
    0x69, 0xff, 0xf1, 0x0, 0xff, 0xc0, 0x0, 0x6,
    0xff, 0x60, 0x1f, 0xf8, 0x0, 0x0, 0x2f, 0xf7,
    0x0, 0xef, 0xb0, 0x0, 0x5, 0xff, 0x50, 0x5,
    0xff, 0xb5, 0x48, 0xff, 0xb0, 0x0, 0x4, 0xef,
    0xff, 0xff, 0x80, 0x0, 0x2, 0xcf, 0xff, 0xff,
    0xfe, 0x60, 0x1, 0xef, 0xd5, 0x10, 0x3a, 0xff,
    0x60, 0x9f, 0xf2, 0x0, 0x0, 0xb, 0xfe, 0xc,
    0xfc, 0x0, 0x0, 0x0, 0x6f, 0xf3, 0xdf, 0xd0,
    0x0, 0x0, 0x6, 0xff, 0x3a, 0xff, 0x40, 0x0,
    0x0, 0xdf, 0xf1, 0x3f, 0xff, 0xa6, 0x58, 0xef,
    0xfa, 0x0, 0x6f, 0xff, 0xff, 0xff, 0xfb, 0x0,
    0x0, 0x29, 0xdf, 0xfe, 0xa5, 0x0, 0x0,

    /* U+0039 "9" */
    0x0, 0x17, 0xce, 0xfd, 0x92, 0x0, 0x0, 0x3e,
    0xff, 0xff, 0xff, 0xf4, 0x0, 0x1e, 0xff, 0xb7,
    0x6a, 0xff, 0xf2, 0x7, 0xff, 0x70, 0x0, 0x3,
    0xff, 0x90, 0xcf, 0xe0, 0x0, 0x0, 0x9, 0xff,
    0xd, 0xfc, 0x0, 0x0, 0x0, 0x6f, 0xf2, 0xcf,
    0xd0, 0x0, 0x0, 0x8, 0xff, 0x39, 0xff, 0x50,
    0x0, 0x2, 0xef, 0xf4, 0x2f, 0xff, 0x95, 0x58,
    0xff, 0xff, 0x30, 0x6f, 0xff, 0xff, 0xff, 0xbf,
    0xf2, 0x0, 0x3a, 0xef, 0xea, 0x38, 0xff, 0x0,
    0x0, 0x0, 0x0, 0x0, 0xcf, 0xd0, 0x13, 0x30,
    0x0, 0x0, 0x2f, 0xf8, 0xa, 0xff, 0x20, 0x0,
    0xc, 0xff, 0x10, 0x3f, 0xfe, 0x75, 0x7e, 0xff,
    0x80, 0x0, 0x6f, 0xff, 0xff, 0xff, 0x90, 0x0,
    0x0, 0x4b, 0xef, 0xeb, 0x40, 0x0, 0x0,

    /* U+003A ":" */
    0x12, 0x22, 0x7f, 0xfd, 0x7f, 0xfd, 0x7f, 0xfd,
    0x0, 0x0, 0x0, 0x0, 0x0, 0x0, 0x0, 0x0,
    0x0, 0x0, 0x12, 0x22, 0x7f, 0xfd, 0x7f, 0xfd,
    0x7f, 0xfd,

    /* U+003B ";" */
    0x7f, 0xfd, 0x7f, 0xfd, 0x7f, 0xfd, 0x12, 0x22,
    0x0, 0x0, 0x0, 0x0, 0x0, 0x0, 0x0, 0x0,
    0x2, 0x21, 0x6f, 0xfc, 0x6f, 0xfc, 0x6f, 0xfc,
    0x2, 0xf8, 0x7, 0xf2, 0xd, 0xd0, 0x2f, 0x70,

    /* U+003C "<" */
    0x0, 0x0, 0x0, 0x0, 0x0, 0x0, 0x0, 0x0,
    0x0, 0x0, 0x3, 0xaa, 0x0, 0x0, 0x0, 0x5,
    0xcf, 0xfb, 0x0, 0x0, 0x7, 0xdf, 0xff, 0xb4,
    0x0, 0x29, 0xff, 0xff, 0x92, 0x0, 0x2b, 0xff,
    0xfe, 0x71, 0x0, 0x0, 0x4f, 0xfc, 0x50, 0x0,
    0x0, 0x0, 0x4f, 0xfa, 0x30, 0x0, 0x0, 0x0,
    0x2d, 0xff, 0xfc, 0x50, 0x0, 0x0, 0x0, 0x5c,
    0xff, 0xfd, 0x60, 0x0, 0x0, 0x0, 0x3a, 0xff,
    0xff, 0x82, 0x0, 0x0, 0x0, 0x17, 0xef, 0xfb,
    0x0, 0x0, 0x0, 0x0, 0x5, 0xcb, 0x0, 0x0,
    0x0, 0x0, 0x0, 0x1,

    /* U+003D "=" */
    0x2, 0x22, 0x22, 0x22, 0x22, 0x21, 0x1f, 0xff,
    0xff, 0xff, 0xff, 0xf8, 0x1f, 0xff, 0xff, 0xff,
    0xff, 0xf8, 0x0, 0x0, 0x0, 0x0, 0x0, 0x0,
    0x0, 0x0, 0x0, 0x0, 0x0, 0x0, 0x2, 0x22,
    0x22, 0x22, 0x22, 0x21, 0x1f, 0xff, 0xff, 0xff,
    0xff, 0xf8, 0x1f, 0xff, 0xff, 0xff, 0xff, 0xf8,

    /* U+003E ">" */
    0x0, 0x0, 0x0, 0x0, 0x0, 0x0, 0x4c, 0x50,
    0x0, 0x0, 0x0, 0x0, 0x4f, 0xfe, 0x71, 0x0,
    0x0, 0x0, 0x18, 0xff, 0xff, 0xa3, 0x0, 0x0,
    0x0, 0x6, 0xdf, 0xff, 0xc5, 0x0, 0x0, 0x0,
    0x4, 0xbf, 0xff, 0xd5, 0x0, 0x0, 0x0, 0x2,
    0x9f, 0xfb, 0x0, 0x0, 0x0, 0x1, 0x7e, 0xfb,
    0x0, 0x0, 0x2, 0x9f, 0xff, 0xf7, 0x0, 0x4,
    0xbf, 0xff, 0xe7, 0x10, 0x6, 0xdf, 0xff, 0xc5,
    0x0, 0x0, 0x4f, 0xff, 0xa3, 0x0, 0x0, 0x0,
    0x4e, 0x81, 0x0, 0x0, 0x0, 0x0, 0x10, 0x0,
    0x0, 0x0, 0x0, 0x0,

    /* U+003F "?" */
    0x0, 0x4, 0xbe, 0xfe, 0xb4, 0x0, 0x0, 0xaf,
    0xff, 0xff, 0xff, 0x80, 0x8, 0xff, 0xc7, 0x57,
    0xef, 0xf5, 0x1f, 0xfb, 0x0, 0x0, 0x1f, 0xfb,
    0x5f, 0xf4, 0x0, 0x0, 0xb, 0xfe, 0x26, 0x60,
    0x0, 0x0, 0xb, 0xfd, 0x0, 0x0, 0x0, 0x0,
    0x3f, 0xf8, 0x0, 0x0, 0x0, 0x7, 0xff, 0xc0,
    0x0, 0x0, 0x0, 0xbf, 0xfa, 0x0, 0x0, 0x0,
    0x8, 0xff, 0x60, 0x0, 0x0, 0x0, 0xd, 0xf9,
    0x0, 0x0, 0x0, 0x0, 0xf, 0xf5, 0x0, 0x0,
    0x0, 0x0, 0x2, 0x20, 0x0, 0x0, 0x0, 0x0,
    0x12, 0x21, 0x0, 0x0, 0x0, 0x0, 0x7f, 0xfc,
    0x0, 0x0, 0x0, 0x0, 0x7f, 0xfc, 0x0, 0x0,
    0x0, 0x0, 0x7f, 0xfc, 0x0, 0x0,

    /* U+0040 "@" */
    0x0, 0x0, 0x18, 0xdf, 0xec, 0x60, 0x0, 0x0,
    0x3, 0xef, 0xec, 0xcf, 0xfb, 0x0, 0x0, 0x2f,
    0xf6, 0x0, 0x0, 0xaf, 0x90, 0x0, 0xdf, 0x40,
    0x0, 0x0, 0xc, 0xf2, 0x5, 0xf9, 0x0, 0x0,
    0x0, 0x4, 0xf7, 0xb, 0xf1, 0x6, 0xee, 0x8f,
    0x90, 0xfb, 0xf, 0xb0, 0x5f, 0xec, 0xff, 0x80,
    0xdd, 0x4f, 0x70, 0xdf, 0x30, 0xcf, 0x60, 0xcf,
    0x6f, 0x53, 0xfc, 0x0, 0x9f, 0x40, 0xcf, 0x8f,
    0x37, 0xf9, 0x0, 0x9f, 0x30, 0xce, 0x8f, 0x28,
    0xf8, 0x0, 0xbf, 0x20, 0xed, 0x8f, 0x28, 0xf8,
    0x0, 0xef, 0x10, 0xfa, 0x8f, 0x36, 0xfc, 0x6,
    0xff, 0x25, 0xf5, 0x6f, 0x51, 0xff, 0xcf, 0x9f,
    0xdf, 0xe0, 0x3f, 0x80, 0x5e, 0xe6, 0x9, 0xfc,
    0x20, 0xf, 0xd0, 0x0, 0x0, 0x0, 0x0, 0x0,
    0x8, 0xf7, 0x0, 0x0, 0x0, 0x0, 0x0, 0x0,
    0xef, 0x92, 0x2, 0x6b, 0x0, 0x0, 0x0, 0x1d,
    0xff, 0xff, 0xff, 0x20, 0x0, 0x0, 0x0, 0x48,
    0xa9, 0x61, 0x0, 0x0,

    /* U+0041 "A" */
    0x0, 0x0, 0x9, 0xff, 0xf0, 0x0, 0x0, 0x0,
    0x0, 0xe, 0xff, 0xf4, 0x0, 0x0, 0x0, 0x0,
    0x2f, 0xfe, 0xf8, 0x0, 0x0, 0x0, 0x0, 0x7f,
    0xe7, 0xfd, 0x0, 0x0, 0x0, 0x0, 0xcf, 0x93,
    0xff, 0x20, 0x0, 0x0, 0x1, 0xff, 0x50, 0xef,
    0x70, 0x0, 0x0, 0x5, 0xff, 0x0, 0xaf, 0xb0,
    0x0, 0x0, 0xa, 0xfc, 0x0, 0x5f, 0xf0, 0x0,
    0x0, 0xe, 0xf7, 0x0, 0x1f, 0xf5, 0x0, 0x0,
    0x3f, 0xf3, 0x0, 0xc, 0xf9, 0x0, 0x0, 0x8f,
    0xff, 0xff, 0xff, 0xfe, 0x0, 0x0, 0xcf, 0xff,
    0xff, 0xff, 0xff, 0x30, 0x1, 0xff, 0x85, 0x55,
    0x55, 0xff, 0x80, 0x6, 0xff, 0x10, 0x0, 0x0,
    0xbf, 0xc0, 0xb, 0xfd, 0x0, 0x0, 0x0, 0x7f,
    0xf1, 0xf, 0xf9, 0x0, 0x0, 0x0, 0x3f, 0xf6,
    0x4f, 0xf5, 0x0, 0x0, 0x0, 0xe, 0xfa,

    /* U+0042 "B" */
    0xf, 0xff, 0xff, 0xfd, 0xa3, 0x0, 0x0, 0xff,
    0xff, 0xff, 0xff, 0xf7, 0x0, 0xf, 0xfa, 0x55,
    0x69, 0xff, 0xf3, 0x0, 0xff, 0x80, 0x0, 0x4,
    0xff, 0x80, 0xf, 0xf8, 0x0, 0x0, 0xf, 0xfa,
    0x0, 0xff, 0x80, 0x0, 0x2, 0xff, 0x70, 0xf,
    0xf8, 0x0, 0x3, 0xcf, 0xe1, 0x0, 0xff, 0xff,
    0xff, 0xff, 0xb2, 0x0, 0xf, 0xff, 0xff, 0xff,
    0xfb, 0x40, 0x0, 0xff, 0xa5, 0x55, 0x7c, 0xff,
    0x60, 0xf, 0xf8, 0x0, 0x0, 0xb, 0xff, 0x10,
    0xff, 0x80, 0x0, 0x0, 0x5f, 0xf4, 0xf, 0xf8,
    0x0, 0x0, 0x4, 0xff, 0x50, 0xff, 0x80, 0x0,
    0x0, 0xaf, 0xf3, 0xf, 0xfa, 0x55, 0x57, 0xcf,
    0xfd, 0x0, 0xff, 0xff, 0xff, 0xff, 0xfe, 0x20,
    0xf, 0xff, 0xff, 0xff, 0xc7, 0x10, 0x0,

    /* U+0043 "C" */
    0x0, 0x0, 0x6c, 0xff, 0xd8, 0x10, 0x0, 0x0,
    0xa, 0xff, 0xff, 0xff, 0xe3, 0x0, 0x0, 0x9f,
    0xfd, 0x76, 0xaf, 0xfe, 0x10, 0x2, 0xff, 0xc0,
    0x0, 0x6, 0xff, 0x90, 0x8, 0xff, 0x30, 0x0,
    0x0, 0xcf, 0xf0, 0xc, 0xfd, 0x0, 0x0, 0x0,
    0x5b, 0xb2, 0xf, 0xfa, 0x0, 0x0, 0x0, 0x0,
    0x0, 0x1f, 0xf8, 0x0, 0x0, 0x0, 0x0, 0x0,
    0x1f, 0xf7, 0x0, 0x0, 0x0, 0x0, 0x0, 0x1f,
    0xf8, 0x0, 0x0, 0x0, 0x0, 0x0, 0xf, 0xfa,
    0x0, 0x0, 0x0, 0x0, 0x0, 0xc, 0xfd, 0x0,
    0x0, 0x0, 0x5f, 0xf4, 0x8, 0xff, 0x20, 0x0,
    0x0, 0xbf, 0xf0, 0x2, 0xff, 0xc0, 0x0, 0x5,
    0xff, 0xa0, 0x0, 0x9f, 0xfd, 0x66, 0x9f, 0xff,
    0x20, 0x0, 0xa, 0xff, 0xff, 0xff, 0xf4, 0x0,
    0x0, 0x0, 0x6c, 0xff, 0xd9, 0x10, 0x0,

    /* U+0044 "D" */
    0xf, 0xff, 0xff, 0xda, 0x30, 0x0, 0x0, 0xff,
    0xff, 0xff, 0xff, 0xa0, 0x0, 0xf, 0xfb, 0x56,
    0x9e, 0xff, 0xb0, 0x0, 0xff, 0x80, 0x0, 0xb,
    0xff, 0x50, 0xf, 0xf8, 0x0, 0x0, 0x1e, 0xfd,
    0x0, 0xff, 0x80, 0x0, 0x0, 0x8f, 0xf2, 0xf,
    0xf8, 0x0, 0x0, 0x4, 0xff, 0x50, 0xff, 0x80,
    0x0, 0x0, 0x2f, 0xf6, 0xf, 0xf8, 0x0, 0x0,
    0x1, 0xff, 0x80, 0xff, 0x80, 0x0, 0x0, 0x2f,
    0xf7, 0xf, 0xf8, 0x0, 0x0, 0x4, 0xff, 0x50,
    0xff, 0x80, 0x0, 0x0, 0x8f, 0xf2, 0xf, 0xf8,
    0x0, 0x0, 0xe, 0xfd, 0x0, 0xff, 0x80, 0x0,
    0xb, 0xff, 0x60, 0xf, 0xfb, 0x56, 0x8e, 0xff,
    0xb0, 0x0, 0xff, 0xff, 0xff, 0xff, 0xa0, 0x0,
    0xf, 0xff, 0xff, 0xda, 0x40, 0x0, 0x0,

    /* U+0045 "E" */
    0xef, 0xff, 0xff, 0xff, 0xff, 0x9e, 0xff, 0xff,
    0xff, 0xff, 0xf9, 0xef, 0xc5, 0x55, 0x55, 0x55,
    0x3e, 0xfa, 0x0, 0x0, 0x0, 0x0, 0xef, 0xa0,
    0x0, 0x0, 0x0, 0xe, 0xfa, 0x0, 0x0, 0x0,
    0x0, 0xef, 0xa0, 0x0, 0x0, 0x0, 0xe, 0xff,
    0xff, 0xff, 0xff, 0xf4, 0xef, 0xff, 0xff, 0xff,
    0xff, 0x4e, 0xfb, 0x44, 0x44, 0x44, 0x41, 0xef,
    0xa0, 0x0, 0x0, 0x0, 0xe, 0xfa, 0x0, 0x0,
    0x0, 0x0, 0xef, 0xa0, 0x0, 0x0, 0x0, 0xe,
    0xfa, 0x0, 0x0, 0x0, 0x0, 0xef, 0xc5, 0x55,
    0x55, 0x55, 0x4e, 0xff, 0xff, 0xff, 0xff, 0xfc,
    0xef, 0xff, 0xff, 0xff, 0xff, 0xc0,

    /* U+0046 "F" */
    0xaf, 0xff, 0xff, 0xff, 0xff, 0xf0, 0xaf, 0xff,
    0xff, 0xff, 0xff, 0xf0, 0xaf, 0xe5, 0x55, 0x55,
    0x55, 0x50, 0xaf, 0xe0, 0x0, 0x0, 0x0, 0x0,
    0xaf, 0xe0, 0x0, 0x0, 0x0, 0x0, 0xaf, 0xe0,
    0x0, 0x0, 0x0, 0x0, 0xaf, 0xe0, 0x0, 0x0,
    0x0, 0x0, 0xaf, 0xe4, 0x44, 0x44, 0x44, 0x20,
    0xaf, 0xff, 0xff, 0xff, 0xff, 0x90, 0xaf, 0xff,
    0xff, 0xff, 0xff, 0x90, 0xaf, 0xe0, 0x0, 0x0,
    0x0, 0x0, 0xaf, 0xe0, 0x0, 0x0, 0x0, 0x0,
    0xaf, 0xe0, 0x0, 0x0, 0x0, 0x0, 0xaf, 0xe0,
    0x0, 0x0, 0x0, 0x0, 0xaf, 0xe0, 0x0, 0x0,
    0x0, 0x0, 0xaf, 0xe0, 0x0, 0x0, 0x0, 0x0,
    0xaf, 0xe0, 0x0, 0x0, 0x0, 0x0,

    /* U+0047 "G" */
    0x0, 0x0, 0x5c, 0xff, 0xd9, 0x10, 0x0, 0x0,
    0xa, 0xff, 0xff, 0xff, 0xe4, 0x0, 0x0, 0x8f,
    0xfd, 0x76, 0xaf, 0xff, 0x10, 0x2, 0xff, 0xc0,
    0x0, 0x4, 0xff, 0xa0, 0x8, 0xff, 0x30, 0x0,
    0x0, 0xaf, 0xf1, 0xc, 0xfd, 0x0, 0x0, 0x0,
    0x25, 0x51, 0xf, 0xfa, 0x0, 0x0, 0x0, 0x0,
    0x0, 0x1f, 0xf8, 0x0, 0x0, 0x0, 0x0, 0x0,
    0x1f, 0xf7, 0x0, 0xb, 0xff, 0xff, 0xf5, 0x1f,
    0xf8, 0x0, 0xb, 0xff, 0xff, 0xf5, 0xf, 0xfa,
    0x0, 0x2, 0x22, 0x3f, 0xf5, 0xd, 0xfd, 0x0,
    0x0, 0x0, 0x3f, 0xf5, 0x8, 0xff, 0x30, 0x0,
    0x0, 0x8f, 0xf5, 0x2, 0xff, 0xc0, 0x0, 0x2,
    0xff, 0xf5, 0x0, 0x8f, 0xfe, 0x76, 0x8f, 0xfe,
    0xf5, 0x0, 0xa, 0xff, 0xff, 0xff, 0x8b, 0xf5,
    0x0, 0x0, 0x5b, 0xef, 0xc5, 0xb, 0xf5,

    /* U+0048 "H" */
    0xaf, 0xd0, 0x0, 0x0, 0x7, 0xff, 0x1a, 0xfd,
    0x0, 0x0, 0x0, 0x7f, 0xf1, 0xaf, 0xd0, 0x0,
    0x0, 0x7, 0xff, 0x1a, 0xfd, 0x0, 0x0, 0x0,
    0x7f, 0xf1, 0xaf, 0xd0, 0x0, 0x0, 0x7, 0xff,
    0x1a, 0xfd, 0x0, 0x0, 0x0, 0x7f, 0xf1, 0xaf,
    0xd0, 0x0, 0x0, 0x7, 0xff, 0x1a, 0xff, 0xff,
    0xff, 0xff, 0xff, 0xf1, 0xaf, 0xff, 0xff, 0xff,
    0xff, 0xff, 0x1a, 0xfe, 0x55, 0x55, 0x55, 0xaf,
    0xf1, 0xaf, 0xd0, 0x0, 0x0, 0x7, 0xff, 0x1a,
    0xfd, 0x0, 0x0, 0x0, 0x7f, 0xf1, 0xaf, 0xd0,
    0x0, 0x0, 0x7, 0xff, 0x1a, 0xfd, 0x0, 0x0,
    0x0, 0x7f, 0xf1, 0xaf, 0xd0, 0x0, 0x0, 0x7,
    0xff, 0x1a, 0xfd, 0x0, 0x0, 0x0, 0x7f, 0xf1,
    0xaf, 0xd0, 0x0, 0x0, 0x7, 0xff, 0x10,

    /* U+0049 "I" */
    0x2f, 0xff, 0xff, 0xff, 0xff, 0xf8, 0x2f, 0xff,
    0xff, 0xff, 0xff, 0xf8, 0x5, 0x55, 0x6f, 0xfa,
    0x55, 0x53, 0x0, 0x0, 0xf, 0xf7, 0x0, 0x0,
    0x0, 0x0, 0xf, 0xf7, 0x0, 0x0, 0x0, 0x0,
    0xf, 0xf7, 0x0, 0x0, 0x0, 0x0, 0xf, 0xf7,
    0x0, 0x0, 0x0, 0x0, 0xf, 0xf7, 0x0, 0x0,
    0x0, 0x0, 0xf, 0xf7, 0x0, 0x0, 0x0, 0x0,
    0xf, 0xf7, 0x0, 0x0, 0x0, 0x0, 0xf, 0xf7,
    0x0, 0x0, 0x0, 0x0, 0xf, 0xf7, 0x0, 0x0,
    0x0, 0x0, 0xf, 0xf7, 0x0, 0x0, 0x0, 0x0,
    0xf, 0xf7, 0x0, 0x0, 0x5, 0x55, 0x6f, 0xfa,
    0x55, 0x53, 0x2f, 0xff, 0xff, 0xff, 0xff, 0xf8,
    0x2f, 0xff, 0xff, 0xff, 0xff, 0xf8,

    /* U+004A "J" */
    0x0, 0x0, 0x0, 0x0, 0x3, 0xff, 0x40, 0x0,
    0x0, 0x0, 0x0, 0x3f, 0xf4, 0x0, 0x0, 0x0,
    0x0, 0x3, 0xff, 0x40, 0x0, 0x0, 0x0, 0x0,
    0x3f, 0xf4, 0x0, 0x0, 0x0, 0x0, 0x3, 0xff,
    0x40, 0x0, 0x0, 0x0, 0x0, 0x3f, 0xf4, 0x0,
    0x0, 0x0, 0x0, 0x3, 0xff, 0x40, 0x0, 0x0,
    0x0, 0x0, 0x3f, 0xf4, 0x0, 0x0, 0x0, 0x0,
    0x3, 0xff, 0x40, 0x0, 0x0, 0x0, 0x0, 0x3f,
    0xf4, 0x0, 0x10, 0x0, 0x0, 0x3, 0xff, 0x40,
    0xff, 0x70, 0x0, 0x0, 0x4f, 0xf3, 0xe, 0xfa,
    0x0, 0x0, 0x7, 0xff, 0x20, 0xaf, 0xf2, 0x0,
    0x0, 0xef, 0xd0, 0x2, 0xff, 0xf8, 0x57, 0xdf,
    0xf6, 0x0, 0x5, 0xff, 0xff, 0xff, 0xf9, 0x0,
    0x0, 0x3, 0xae, 0xfe, 0xb5, 0x0, 0x0,

    /* U+004B "K" */
    0xaf, 0xd0, 0x0, 0x0, 0x3f, 0xfd, 0xa, 0xfd,
    0x0, 0x0, 0x1d, 0xfe, 0x20, 0xaf, 0xd0, 0x0,
    0xb, 0xff, 0x40, 0xa, 0xfd, 0x0, 0x8, 0xff,
    0x70, 0x0, 0xaf, 0xd0, 0x5, 0xff, 0x90, 0x0,
    0xa, 0xfd, 0x2, 0xff, 0xc0, 0x0, 0x0, 0xaf,
    0xd1, 0xdf, 0xe1, 0x0, 0x0, 0xa, 0xfd, 0xbf,
    0xf6, 0x0, 0x0, 0x0, 0xaf, 0xff, 0xff, 0xd0,
    0x0, 0x0, 0xa, 0xff, 0xfb, 0xff, 0x80, 0x0,
    0x0, 0xaf, 0xfb, 0xa, 0xff, 0x30, 0x0, 0xa,
    0xfe, 0x0, 0x1e, 0xfd, 0x0, 0x0, 0xaf, 0xd0,
    0x0, 0x6f, 0xf8, 0x0, 0xa, 0xfd, 0x0, 0x0,
    0xbf, 0xf3, 0x0, 0xaf, 0xd0, 0x0, 0x2, 0xff,
    0xd0, 0xa, 0xfd, 0x0, 0x0, 0x7, 0xff, 0x70,
    0xaf, 0xd0, 0x0, 0x0, 0xc, 0xff, 0x20,

    /* U+004C "L" */
    0xaf, 0xe0, 0x0, 0x0, 0x0, 0x0, 0xaf, 0xe0,
    0x0, 0x0, 0x0, 0x0, 0xaf, 0xe0, 0x0, 0x0,
    0x0, 0x0, 0xaf, 0xe0, 0x0, 0x0, 0x0, 0x0,
    0xaf, 0xe0, 0x0, 0x0, 0x0, 0x0, 0xaf, 0xe0,
    0x0, 0x0, 0x0, 0x0, 0xaf, 0xe0, 0x0, 0x0,
    0x0, 0x0, 0xaf, 0xe0, 0x0, 0x0, 0x0, 0x0,
    0xaf, 0xe0, 0x0, 0x0, 0x0, 0x0, 0xaf, 0xe0,
    0x0, 0x0, 0x0, 0x0, 0xaf, 0xe0, 0x0, 0x0,
    0x0, 0x0, 0xaf, 0xe0, 0x0, 0x0, 0x0, 0x0,
    0xaf, 0xe0, 0x0, 0x0, 0x0, 0x0, 0xaf, 0xe0,
    0x0, 0x0, 0x0, 0x0, 0xaf, 0xe5, 0x55, 0x55,
    0x55, 0x50, 0xaf, 0xff, 0xff, 0xff, 0xff, 0xf0,
    0xaf, 0xff, 0xff, 0xff, 0xff, 0xf0,

    /* U+004D "M" */
    0xdf, 0xfa, 0x0, 0x0, 0x3f, 0xff, 0x4d, 0xff,
    0xe0, 0x0, 0x7, 0xff, 0xf4, 0xdf, 0xff, 0x20,
    0x0, 0xbf, 0xff, 0x4d, 0xff, 0xf5, 0x0, 0xf,
    0xff, 0xf4, 0xdf, 0xdf, 0x90, 0x3, 0xfd, 0xff,
    0x4d, 0xfa, 0xfd, 0x0, 0x7f, 0x9f, 0xf4, 0xdf,
    0x9c, 0xf1, 0xb, 0xf5, 0xff, 0x4d, 0xf9, 0x8f,
    0x50, 0xef, 0x2f, 0xf4, 0xdf, 0x95, 0xf9, 0x3f,
    0xb2, 0xff, 0x4d, 0xf9, 0x1f, 0xd6, 0xf7, 0x2f,
    0xf4, 0xdf, 0x90, 0xdf, 0xcf, 0x32, 0xff, 0x4d,
    0xf9, 0x9, 0xff, 0xf0, 0x2f, 0xf4, 0xdf, 0x90,
    0x5f, 0xfb, 0x2, 0xff, 0x4d, 0xf9, 0x1, 0xff,
    0x80, 0x2f, 0xf4, 0xdf, 0x90, 0xd, 0xf4, 0x2,
    0xff, 0x4d, 0xf9, 0x0, 0x0, 0x0, 0x2f, 0xf4,
    0xdf, 0x90, 0x0, 0x0, 0x2, 0xff, 0x40,

    /* U+004E "N" */
    0x6f, 0xfe, 0x0, 0x0, 0xb, 0xfc, 0x6f, 0xff,
    0x50, 0x0, 0xb, 0xfc, 0x6f, 0xff, 0xb0, 0x0,
    0xb, 0xfc, 0x6f, 0xff, 0xf2, 0x0, 0xb, 0xfc,
    0x6f, 0xf9, 0xf9, 0x0, 0xb, 0xfc, 0x6f, 0xf3,
    0xff, 0x0, 0xb, 0xfc, 0x6f, 0xf1, 0xaf, 0x60,
    0xb, 0xfc, 0x6f, 0xf1, 0x4f, 0xd0, 0xb, 0xfc,
    0x6f, 0xf1, 0xd, 0xf3, 0xb, 0xfc, 0x6f, 0xf1,
    0x6, 0xfa, 0xb, 0xfc, 0x6f, 0xf1, 0x0, 0xff,
    0x1b, 0xfc, 0x6f, 0xf1, 0x0, 0x9f, 0x7b, 0xfc,
    0x6f, 0xf1, 0x0, 0x2f, 0xeb, 0xfc, 0x6f, 0xf1,
    0x0, 0xc, 0xff, 0xfc, 0x6f, 0xf1, 0x0, 0x5,
    0xff, 0xfc, 0x6f, 0xf1, 0x0, 0x0, 0xef, 0xfc,
    0x6f, 0xf1, 0x0, 0x0, 0x8f, 0xfc,

    /* U+004F "O" */
    0x0, 0x0, 0x6c, 0xef, 0xd9, 0x10, 0x0, 0x0,
    0xc, 0xff, 0xff, 0xff, 0xf3, 0x0, 0x0, 0xaf,
    0xfd, 0x76, 0xaf, 0xff, 0x10, 0x3, 0xff, 0xb0,
    0x0, 0x6, 0xff, 0x90, 0x9, 0xff, 0x20, 0x0,
    0x0, 0xcf, 0xf0, 0xd, 0xfd, 0x0, 0x0, 0x0,
    0x6f, 0xf3, 0xf, 0xfa, 0x0, 0x0, 0x0, 0x3f,
    0xf6, 0x1f, 0xf8, 0x0, 0x0, 0x0, 0x1f, 0xf7,
    0x2f, 0xf7, 0x0, 0x0, 0x0, 0x1f, 0xf8, 0x1f,
    0xf8, 0x0, 0x0, 0x0, 0x1f, 0xf7, 0xf, 0xf9,
    0x0, 0x0, 0x0, 0x3f, 0xf6, 0xd, 0xfc, 0x0,
    0x0, 0x0, 0x6f, 0xf3, 0x9, 0xff, 0x20, 0x0,
    0x0, 0xcf, 0xf0, 0x3, 0xff, 0xb0, 0x0, 0x5,
    0xff, 0x90, 0x0, 0xaf, 0xfc, 0x65, 0x9f, 0xff,
    0x10, 0x0, 0xc, 0xff, 0xff, 0xff, 0xf4, 0x0,
    0x0, 0x0, 0x6c, 0xef, 0xd9, 0x10, 0x0,

    /* U+0050 "P" */
    0xff, 0xff, 0xff, 0xea, 0x40, 0x0, 0xff, 0xff,
    0xff, 0xff, 0xfa, 0x0, 0xff, 0xb5, 0x56, 0x8e,
    0xff, 0x80, 0xff, 0x90, 0x0, 0x1, 0xdf, 0xe0,
    0xff, 0x90, 0x0, 0x0, 0x7f, 0xf2, 0xff, 0x90,
    0x0, 0x0, 0x6f, 0xf3, 0xff, 0x90, 0x0, 0x0,
    0xbf, 0xf1, 0xff, 0x90, 0x0, 0x29, 0xff, 0xb0,
    0xff, 0xff, 0xff, 0xff, 0xfe, 0x20, 0xff, 0xff,
    0xff, 0xff, 0xb1, 0x0, 0xff, 0xb6, 0x65, 0x41,
    0x0, 0x0, 0xff, 0x90, 0x0, 0x0, 0x0, 0x0,
    0xff, 0x90, 0x0, 0x0, 0x0, 0x0, 0xff, 0x90,
    0x0, 0x0, 0x0, 0x0, 0xff, 0x90, 0x0, 0x0,
    0x0, 0x0, 0xff, 0x90, 0x0, 0x0, 0x0, 0x0,
    0xff, 0x90, 0x0, 0x0, 0x0, 0x0,

    /* U+0051 "Q" */
    0x0, 0x0, 0x6c, 0xef, 0xd9, 0x10, 0x0, 0x0,
    0xc, 0xff, 0xff, 0xff, 0xf3, 0x0, 0x0, 0xaf,
    0xfd, 0x76, 0xaf, 0xff, 0x10, 0x3, 0xff, 0xb0,
    0x0, 0x6, 0xff, 0x90, 0x9, 0xff, 0x20, 0x0,
    0x0, 0xcf, 0xf0, 0xd, 0xfd, 0x0, 0x0, 0x0,
    0x6f, 0xf3, 0xf, 0xfa, 0x0, 0x0, 0x0, 0x3f,
    0xf6, 0x1f, 0xf8, 0x0, 0x0, 0x0, 0x1f, 0xf7,
    0x2f, 0xf7, 0x0, 0x0, 0x0, 0x1f, 0xf8, 0x1f,
    0xf8, 0x0, 0x0, 0x0, 0x2f, 0xf7, 0xf, 0xf9,
    0x0, 0x0, 0x0, 0x3f, 0xf6, 0xd, 0xfc, 0x0,
    0x89, 0x20, 0x6f, 0xf3, 0x9, 0xff, 0x20, 0x9f,
    0x80, 0xbf, 0xf0, 0x3, 0xff, 0xb0, 0x4f, 0xe4,
    0xff, 0x90, 0x0, 0xaf, 0xfc, 0x6f, 0xff, 0xff,
    0x10, 0x0, 0xc, 0xff, 0xff, 0xff, 0xf4, 0x0,
    0x0, 0x0, 0x6c, 0xef, 0xff, 0x10, 0x0, 0x0,
    0x0, 0x0, 0x0, 0xdf, 0x30, 0x0, 0x0, 0x0,
    0x0, 0x0, 0x8f, 0x90, 0x0, 0x0, 0x0, 0x0,
    0x0, 0x28, 0x60, 0x0,

    /* U+0052 "R" */
    0x6f, 0xff, 0xff, 0xfd, 0x92, 0x0, 0x6f, 0xff,
    0xff, 0xff, 0xff, 0x40, 0x6f, 0xf7, 0x55, 0x7a,
    0xff, 0xf1, 0x6f, 0xf2, 0x0, 0x0, 0x6f, 0xf7,
    0x6f, 0xf2, 0x0, 0x0, 0xf, 0xfa, 0x6f, 0xf2,
    0x0, 0x0, 0xe, 0xfa, 0x6f, 0xf2, 0x0, 0x0,
    0x3f, 0xf7, 0x6f, 0xf2, 0x0, 0x15, 0xef, 0xd0,
    0x6f, 0xff, 0xff, 0xff, 0xfc, 0x10, 0x6f, 0xff,
    0xff, 0xff, 0xfb, 0x20, 0x6f, 0xf6, 0x55, 0x68,
    0xef, 0xe0, 0x6f, 0xf2, 0x0, 0x0, 0x4f, 0xf5,
    0x6f, 0xf2, 0x0, 0x0, 0xf, 0xf8, 0x6f, 0xf2,
    0x0, 0x0, 0xe, 0xf9, 0x6f, 0xf2, 0x0, 0x0,
    0xd, 0xfb, 0x6f, 0xf2, 0x0, 0x0, 0xb, 0xfc,
    0x6f, 0xf2, 0x0, 0x0, 0xa, 0xfd,

    /* U+0053 "S" */
    0x0, 0x18, 0xdf, 0xfd, 0x92, 0x0, 0x0, 0x4f,
    0xff, 0xff, 0xff, 0xf5, 0x0, 0x1f, 0xff, 0xa6,
    0x6a, 0xff, 0xf2, 0x6, 0xff, 0x60, 0x0, 0x5,
    0xff, 0x90, 0x8f, 0xf1, 0x0, 0x0, 0xc, 0xfe,
    0x7, 0xff, 0x30, 0x0, 0x0, 0x36, 0x60, 0x2f,
    0xfe, 0x50, 0x0, 0x0, 0x0, 0x0, 0x7f, 0xff,
    0xfa, 0x61, 0x0, 0x0, 0x0, 0x3a, 0xff, 0xff,
    0xfa, 0x20, 0x0, 0x0, 0x0, 0x49, 0xef, 0xff,
    0x30, 0x0, 0x0, 0x0, 0x0, 0x6f, 0xfe, 0xa,
    0xc8, 0x0, 0x0, 0x0, 0x7f, 0xf4, 0xbf, 0xf0,
    0x0, 0x0, 0x4, 0xff, 0x55, 0xff, 0xa0, 0x0,
    0x0, 0x9f, 0xf3, 0xc, 0xff, 0xd7, 0x56, 0xbf,
    0xfd, 0x0, 0x1c, 0xff, 0xff, 0xff, 0xfd, 0x20,
    0x0, 0x6, 0xbe, 0xfe, 0xb7, 0x0, 0x0,

    /* U+0054 "T" */
    0xf, 0xff, 0xff, 0xff, 0xff, 0xff, 0xf7, 0xf,
    0xff, 0xff, 0xff, 0xff, 0xff, 0xf7, 0x5, 0x55,
    0x56, 0xff, 0xa5, 0x55, 0x52, 0x0, 0x0, 0x0,
    0xff, 0x70, 0x0, 0x0, 0x0, 0x0, 0x0, 0xff,
    0x70, 0x0, 0x0, 0x0, 0x0, 0x0, 0xff, 0x70,
    0x0, 0x0, 0x0, 0x0, 0x0, 0xff, 0x70, 0x0,
    0x0, 0x0, 0x0, 0x0, 0xff, 0x70, 0x0, 0x0,
    0x0, 0x0, 0x0, 0xff, 0x70, 0x0, 0x0, 0x0,
    0x0, 0x0, 0xff, 0x70, 0x0, 0x0, 0x0, 0x0,
    0x0, 0xff, 0x70, 0x0, 0x0, 0x0, 0x0, 0x0,
    0xff, 0x70, 0x0, 0x0, 0x0, 0x0, 0x0, 0xff,
    0x70, 0x0, 0x0, 0x0, 0x0, 0x0, 0xff, 0x70,
    0x0, 0x0, 0x0, 0x0, 0x0, 0xff, 0x70, 0x0,
    0x0, 0x0, 0x0, 0x0, 0xff, 0x70, 0x0, 0x0,
    0x0, 0x0, 0x0, 0xff, 0x70, 0x0, 0x0,

    /* U+0055 "U" */
    0x9f, 0xe0, 0x0, 0x0, 0x8, 0xff, 0x9, 0xfe,
    0x0, 0x0, 0x0, 0x8f, 0xf0, 0x9f, 0xe0, 0x0,
    0x0, 0x8, 0xff, 0x9, 0xfe, 0x0, 0x0, 0x0,
    0x8f, 0xf0, 0x9f, 0xe0, 0x0, 0x0, 0x8, 0xff,
    0x9, 0xfe, 0x0, 0x0, 0x0, 0x8f, 0xf0, 0x9f,
    0xe0, 0x0, 0x0, 0x8, 0xff, 0x9, 0xfe, 0x0,
    0x0, 0x0, 0x8f, 0xf0, 0x9f, 0xe0, 0x0, 0x0,
    0x8, 0xff, 0x9, 0xfe, 0x0, 0x0, 0x0, 0x8f,
    0xf0, 0x9f, 0xe0, 0x0, 0x0, 0x8, 0xff, 0x9,
    0xff, 0x0, 0x0, 0x0, 0x9f, 0xf0, 0x7f, 0xf2,
    0x0, 0x0, 0xc, 0xfd, 0x2, 0xff, 0xa0, 0x0,
    0x4, 0xff, 0x90, 0xb, 0xff, 0xc7, 0x69, 0xff,
    0xf2, 0x0, 0x1c, 0xff, 0xff, 0xff, 0xf4, 0x0,
    0x0, 0x7, 0xcf, 0xfd, 0x92, 0x0, 0x0,

    /* U+0056 "V" */
    0x3f, 0xf7, 0x0, 0x0, 0x0, 0x1f, 0xf9, 0xe,
    0xfb, 0x0, 0x0, 0x0, 0x5f, 0xf4, 0x9, 0xff,
    0x0, 0x0, 0x0, 0x9f, 0xf0, 0x5, 0xff, 0x40,
    0x0, 0x0, 0xef, 0xb0, 0x0, 0xff, 0x90, 0x0,
    0x3, 0xff, 0x60, 0x0, 0xbf, 0xe0, 0x0, 0x7,
    0xff, 0x10, 0x0, 0x6f, 0xf2, 0x0, 0xc, 0xfd,
    0x0, 0x0, 0x1f, 0xf7, 0x0, 0x1f, 0xf8, 0x0,
    0x0, 0xd, 0xfb, 0x0, 0x5f, 0xf3, 0x0, 0x0,
    0x8, 0xff, 0x0, 0x9f, 0xe0, 0x0, 0x0, 0x3,
    0xff, 0x40, 0xef, 0x90, 0x0, 0x0, 0x0, 0xef,
    0x93, 0xff, 0x50, 0x0, 0x0, 0x0, 0xaf, 0xe7,
    0xff, 0x0, 0x0, 0x0, 0x0, 0x5f, 0xfe, 0xfb,
    0x0, 0x0, 0x0, 0x0, 0xf, 0xff, 0xf6, 0x0,
    0x0, 0x0, 0x0, 0xb, 0xff, 0xf2, 0x0, 0x0,
    0x0, 0x0, 0x6, 0xff, 0xd0, 0x0, 0x0,

    /* U+0057 "W" */
    0x4f, 0xf3, 0x0, 0x0, 0x0, 0xd, 0xfa, 0x2f,
    0xf5, 0x0, 0x11, 0x0, 0xf, 0xf9, 0xf, 0xf6,
    0x0, 0xff, 0x60, 0xf, 0xf7, 0xf, 0xf8, 0x1,
    0xff, 0x80, 0x2f, 0xf5, 0xd, 0xf9, 0x4, 0xff,
    0xa0, 0x3f, 0xf3, 0xb, 0xfb, 0x6, 0xff, 0xc0,
    0x5f, 0xf2, 0xa, 0xfc, 0x8, 0xff, 0xe0, 0x6f,
    0xf0, 0x8, 0xfe, 0xa, 0xfc, 0xf0, 0x8f, 0xe0,
    0x6, 0xff, 0xc, 0xf8, 0xf3, 0x9f, 0xd0, 0x4,
    0xff, 0x1f, 0xc6, 0xf5, 0xbf, 0xb0, 0x3, 0xff,
    0x4f, 0xa4, 0xf7, 0xcf, 0x90, 0x1, 0xff, 0x7f,
    0x82, 0xf9, 0xef, 0x70, 0x0, 0xff, 0xbf, 0x60,
    0xfb, 0xff, 0x60, 0x0, 0xef, 0xef, 0x40, 0xde,
    0xff, 0x40, 0x0, 0xcf, 0xff, 0x10, 0xbf, 0xff,
    0x20, 0x0, 0xaf, 0xff, 0x0, 0x9f, 0xff, 0x10,
    0x0, 0x8f, 0xfd, 0x0, 0x7f, 0xff, 0x0,

    /* U+0058 "X" */
    0x9f, 0xf4, 0x0, 0x0, 0xc, 0xfe, 0x1, 0xff,
    0xc0, 0x0, 0x4, 0xff, 0x70, 0x8, 0xff, 0x30,
    0x0, 0xcf, 0xe0, 0x0, 0x1f, 0xfb, 0x0, 0x4f,
    0xf6, 0x0, 0x0, 0x8f, 0xf3, 0xc, 0xfe, 0x0,
    0x0, 0x0, 0xef, 0xb4, 0xff, 0x60, 0x0, 0x0,
    0x7, 0xff, 0xdf, 0xd0, 0x0, 0x0, 0x0, 0xe,
    0xff, 0xf5, 0x0, 0x0, 0x0, 0x0, 0x9f, 0xff,
    0x0, 0x0, 0x0, 0x0, 0xe, 0xff, 0xf5, 0x0,
    0x0, 0x0, 0x8, 0xff, 0xdf, 0xd0, 0x0, 0x0,
    0x1, 0xff, 0x94, 0xff, 0x60, 0x0, 0x0, 0x9f,
    0xf2, 0xc, 0xfe, 0x0, 0x0, 0x1f, 0xf9, 0x0,
    0x4f, 0xf7, 0x0, 0x9, 0xff, 0x20, 0x0, 0xcf,
    0xe1, 0x2, 0xff, 0x90, 0x0, 0x4, 0xff, 0x80,
    0xaf, 0xf2, 0x0, 0x0, 0xc, 0xff, 0x10,

    /* U+0059 "Y" */
    0xd, 0xfe, 0x0, 0x0, 0x0, 0x8f, 0xf4, 0x5,
    0xff, 0x60, 0x0, 0x0, 0xef, 0xc0, 0x0, 0xdf,
    0xd0, 0x0, 0x7, 0xff, 0x40, 0x0, 0x5f, 0xf5,
    0x0, 0xe, 0xfc, 0x0, 0x0, 0xd, 0xfc, 0x0,
    0x6f, 0xf3, 0x0, 0x0, 0x5, 0xff, 0x40, 0xdf,
    0xb0, 0x0, 0x0, 0x0, 0xdf, 0xc5, 0xff, 0x30,
    0x0, 0x0, 0x0, 0x5f, 0xfe, 0xfb, 0x0, 0x0,
    0x0, 0x0, 0xc, 0xff, 0xf3, 0x0, 0x0, 0x0,
    0x0, 0x4, 0xff, 0xb0, 0x0, 0x0, 0x0, 0x0,
    0x0, 0xff, 0x70, 0x0, 0x0, 0x0, 0x0, 0x0,
    0xff, 0x70, 0x0, 0x0, 0x0, 0x0, 0x0, 0xff,
    0x70, 0x0, 0x0, 0x0, 0x0, 0x0, 0xff, 0x70,
    0x0, 0x0, 0x0, 0x0, 0x0, 0xff, 0x70, 0x0,
    0x0, 0x0, 0x0, 0x0, 0xff, 0x70, 0x0, 0x0,
    0x0, 0x0, 0x0, 0xff, 0x70, 0x0, 0x0,

    /* U+005A "Z" */
    0x6f, 0xff, 0xff, 0xff, 0xff, 0xff, 0x16, 0xff,
    0xff, 0xff, 0xff, 0xff, 0xf1, 0x25, 0x55, 0x55,
    0x55, 0x6f, 0xfe, 0x0, 0x0, 0x0, 0x0, 0xa,
    0xff, 0x40, 0x0, 0x0, 0x0, 0x6, 0xff, 0x80,
    0x0, 0x0, 0x0, 0x2, 0xff, 0xc0, 0x0, 0x0,
    0x0, 0x0, 0xdf, 0xe1, 0x0, 0x0, 0x0, 0x0,
    0x9f, 0xf4, 0x0, 0x0, 0x0, 0x0, 0x5f, 0xf9,
    0x0, 0x0, 0x0, 0x0, 0x2f, 0xfc, 0x0, 0x0,
    0x0, 0x0, 0xc, 0xff, 0x20, 0x0, 0x0, 0x0,
    0x8, 0xff, 0x50, 0x0, 0x0, 0x0, 0x4, 0xff,
    0xa0, 0x0, 0x0, 0x0, 0x1, 0xef, 0xd0, 0x0,
    0x0, 0x0, 0x0, 0xbf, 0xf8, 0x55, 0x55, 0x55,
    0x55, 0x1d, 0xff, 0xff, 0xff, 0xff, 0xff, 0xf4,
    0xdf, 0xff, 0xff, 0xff, 0xff, 0xff, 0x40,

    /* U+005B "[" */
    0xdf, 0xff, 0xff, 0xff, 0x3d, 0xff, 0xff, 0xff,
    0xf3, 0xdf, 0x90, 0x0, 0x0, 0xd, 0xf9, 0x0,
    0x0, 0x0, 0xdf, 0x90, 0x0, 0x0, 0xd, 0xf9,
    0x0, 0x0, 0x0, 0xdf, 0x90, 0x0, 0x0, 0xd,
    0xf9, 0x0, 0x0, 0x0, 0xdf, 0x90, 0x0, 0x0,
    0xd, 0xf9, 0x0, 0x0, 0x0, 0xdf, 0x90, 0x0,
    0x0, 0xd, 0xf9, 0x0, 0x0, 0x0, 0xdf, 0x90,
    0x0, 0x0, 0xd, 0xf9, 0x0, 0x0, 0x0, 0xdf,
    0x90, 0x0, 0x0, 0xd, 0xf9, 0x0, 0x0, 0x0,
    0xdf, 0x90, 0x0, 0x0, 0xd, 0xf9, 0x0, 0x0,
    0x0, 0xdf, 0x90, 0x0, 0x0, 0xd, 0xff, 0xff,
    0xff, 0xf3, 0xdf, 0xff, 0xff, 0xff, 0x30,

    /* U+005C "\\" */
    0x38, 0x60, 0x0, 0x0, 0x0, 0x3f, 0xf1, 0x0,
    0x0, 0x0, 0xd, 0xf7, 0x0, 0x0, 0x0, 0x8,
    0xfc, 0x0, 0x0, 0x0, 0x2, 0xff, 0x20, 0x0,
    0x0, 0x0, 0xdf, 0x70, 0x0, 0x0, 0x0, 0x7f,
    0xd0, 0x0, 0x0, 0x0, 0x1f, 0xf3, 0x0, 0x0,
    0x0, 0xc, 0xf8, 0x0, 0x0, 0x0, 0x6, 0xfe,
    0x0, 0x0, 0x0, 0x1, 0xff, 0x40, 0x0, 0x0,
    0x0, 0xbf, 0x90, 0x0, 0x0, 0x0, 0x5f, 0xf0,
    0x0, 0x0, 0x0, 0xf, 0xf5, 0x0, 0x0, 0x0,
    0xa, 0xfa, 0x0, 0x0, 0x0, 0x4, 0xff, 0x0,
    0x0, 0x0, 0x0, 0xef, 0x60, 0x0, 0x0, 0x0,
    0x9f, 0xb0, 0x0, 0x0, 0x0, 0x3f, 0xf1, 0x0,
    0x0, 0x0, 0xd, 0xf7, 0x0, 0x0, 0x0, 0x8,
    0xfc,

    /* U+005D "]" */
    0xdf, 0xff, 0xff, 0xff, 0x3d, 0xff, 0xff, 0xff,
    0xf3, 0x0, 0x0, 0x3, 0xff, 0x30, 0x0, 0x0,
    0x2f, 0xf3, 0x0, 0x0, 0x2, 0xff, 0x30, 0x0,
    0x0, 0x2f, 0xf3, 0x0, 0x0, 0x2, 0xff, 0x30,
    0x0, 0x0, 0x2f, 0xf3, 0x0, 0x0, 0x2, 0xff,
    0x30, 0x0, 0x0, 0x2f, 0xf3, 0x0, 0x0, 0x2,
    0xff, 0x30, 0x0, 0x0, 0x2f, 0xf3, 0x0, 0x0,
    0x2, 0xff, 0x30, 0x0, 0x0, 0x2f, 0xf3, 0x0,
    0x0, 0x2, 0xff, 0x30, 0x0, 0x0, 0x2f, 0xf3,
    0x0, 0x0, 0x2, 0xff, 0x30, 0x0, 0x0, 0x2f,
    0xf3, 0x0, 0x0, 0x3, 0xff, 0x3d, 0xff, 0xff,
    0xff, 0xf3, 0xdf, 0xff, 0xff, 0xff, 0x30,

    /* U+005E "^" */
    0x0, 0x6, 0xff, 0xd0, 0x0, 0x0, 0xd, 0xff,
    0xf3, 0x0, 0x0, 0x3f, 0xfa, 0xfa, 0x0, 0x0,
    0xaf, 0x93, 0xff, 0x10, 0x1, 0xff, 0x30, 0xcf,
    0x70, 0x7, 0xfc, 0x0, 0x6f, 0xd0, 0xe, 0xf6,
    0x0, 0xf, 0xf4, 0x4f, 0xf0, 0x0, 0x9, 0xfb,

    /* U+005F "_" */
    0x3, 0x33, 0x33, 0x33, 0x33, 0x31, 0x2f, 0xff,
    0xff, 0xff, 0xff, 0xf9, 0x2f, 0xff, 0xff, 0xff,
    0xff, 0xf9,

    /* U+0060 "`" */
    0x28, 0x87, 0x0, 0xe, 0xff, 0x50, 0x8, 0xff,
    0xa0, 0x1, 0xff, 0xf0, 0x0, 0xaf, 0xf4, 0x0,
    0x3f, 0xfa,

    /* U+0061 "a" */
    0x0, 0x19, 0xdf, 0xfc, 0x50, 0x0, 0x0, 0x3f,
    0xff, 0xff, 0xff, 0x90, 0x0, 0xe, 0xfe, 0x63,
    0x4b, 0xff, 0x30, 0x6, 0xff, 0x40, 0x0, 0xe,
    0xf9, 0x0, 0x1, 0x10, 0x0, 0x0, 0xbf, 0xb0,
    0x0, 0x0, 0x3, 0x69, 0xcf, 0xfc, 0x0, 0x2,
    0x9f, 0xff, 0xff, 0xff, 0xc0, 0x1, 0xef, 0xfa,
    0x73, 0xa, 0xfc, 0x0, 0x9f, 0xf1, 0x0, 0x0,
    0xcf, 0xc0, 0xb, 0xfc, 0x0, 0x0, 0x2f, 0xfc,
    0x0, 0x9f, 0xf5, 0x1, 0x4d, 0xff, 0xe4, 0x12,
    0xef, 0xff, 0xff, 0xe6, 0xff, 0xf4, 0x2, 0x9e,
    0xfe, 0x91, 0x7, 0xef, 0x30,

    /* U+0062 "b" */
    0xf, 0xf6, 0x0, 0x0, 0x0, 0x0, 0x0, 0xff,
    0x60, 0x0, 0x0, 0x0, 0x0, 0xf, 0xf6, 0x0,
    0x0, 0x0, 0x0, 0x0, 0xff, 0x60, 0x0, 0x0,
    0x0, 0x0, 0xf, 0xf6, 0x2a, 0xef, 0xd7, 0x0,
    0x0, 0xff, 0x9e, 0xff, 0xff, 0xfc, 0x0, 0xf,
    0xff, 0xf8, 0x45, 0xcf, 0xf9, 0x0, 0xff, 0xf4,
    0x0, 0x0, 0xcf, 0xf1, 0xf, 0xfb, 0x0, 0x0,
    0x5, 0xff, 0x50, 0xff, 0x80, 0x0, 0x0, 0x2f,
    0xf7, 0xf, 0xf6, 0x0, 0x0, 0x0, 0xff, 0x80,
    0xff, 0x80, 0x0, 0x0, 0x2f, 0xf7, 0xf, 0xfb,
    0x0, 0x0, 0x5, 0xff, 0x50, 0xff, 0xf4, 0x0,
    0x0, 0xcf, 0xf1, 0xf, 0xff, 0xf7, 0x45, 0xbf,
    0xf9, 0x0, 0xff, 0x7f, 0xff, 0xff, 0xfc, 0x0,
    0xf, 0xf3, 0x2a, 0xef, 0xd7, 0x0, 0x0,

    /* U+0063 "c" */
    0x0, 0x3, 0xae, 0xfe, 0xa3, 0x0, 0x0, 0x7,
    0xff, 0xff, 0xff, 0xf6, 0x0, 0x4, 0xff, 0xd6,
    0x46, 0xef, 0xf3, 0x0, 0xdf, 0xe0, 0x0, 0x1,
    0xef, 0xa0, 0x3f, 0xf6, 0x0, 0x0, 0x5, 0x98,
    0x5, 0xff, 0x30, 0x0, 0x0, 0x0, 0x0, 0x7f,
    0xf1, 0x0, 0x0, 0x0, 0x0, 0x5, 0xff, 0x30,
    0x0, 0x0, 0x0, 0x0, 0x3f, 0xf6, 0x0, 0x0,
    0x6, 0xcb, 0x0, 0xdf, 0xe0, 0x0, 0x1, 0xef,
    0xb0, 0x5, 0xff, 0xd5, 0x36, 0xdf, 0xf3, 0x0,
    0x7, 0xff, 0xff, 0xff, 0xf6, 0x0, 0x0, 0x3,
    0xae, 0xfe, 0xa3, 0x0, 0x0,

    /* U+0064 "d" */
    0x0, 0x0, 0x0, 0x0, 0x0, 0xff, 0x70, 0x0,
    0x0, 0x0, 0x0, 0xf, 0xf7, 0x0, 0x0, 0x0,
    0x0, 0x0, 0xff, 0x70, 0x0, 0x0, 0x0, 0x0,
    0xf, 0xf7, 0x0, 0x4, 0xbe, 0xfc, 0x50, 0xff,
    0x70, 0x6, 0xff, 0xff, 0xff, 0x8f, 0xf7, 0x3,
    0xff, 0xe7, 0x46, 0xdf, 0xff, 0x70, 0xaf, 0xf3,
    0x0, 0x0, 0xdf, 0xf7, 0xe, 0xfb, 0x0, 0x0,
    0x5, 0xff, 0x71, 0xff, 0x80, 0x0, 0x0, 0x1f,
    0xf7, 0x2f, 0xf6, 0x0, 0x0, 0x0, 0xff, 0x71,
    0xff, 0x80, 0x0, 0x0, 0x1f, 0xf7, 0xe, 0xfb,
    0x0, 0x0, 0x5, 0xff, 0x70, 0xaf, 0xf3, 0x0,
    0x0, 0xdf, 0xf7, 0x3, 0xff, 0xe6, 0x35, 0xcf,
    0xff, 0x70, 0x7, 0xff, 0xff, 0xff, 0x8d, 0xf7,
    0x0, 0x4, 0xbf, 0xfc, 0x50, 0xdf, 0x70,

    /* U+0065 "e" */
    0x0, 0x5, 0xbe, 0xfd, 0x81, 0x0, 0x0, 0xa,
    0xff, 0xff, 0xff, 0xe3, 0x0, 0x7, 0xff, 0xa5,
    0x47, 0xef, 0xe1, 0x0, 0xff, 0x90, 0x0, 0x3,
    0xff, 0x70, 0x5f, 0xf1, 0x0, 0x0, 0xc, 0xfc,
    0x8, 0xff, 0xff, 0xff, 0xff, 0xff, 0xe0, 0x9f,
    0xff, 0xff, 0xff, 0xff, 0xff, 0x8, 0xff, 0x0,
    0x0, 0x0, 0x0, 0x0, 0x5f, 0xf3, 0x0, 0x0,
    0x1, 0x11, 0x0, 0xff, 0xb0, 0x0, 0x2, 0xff,
    0x70, 0x7, 0xff, 0xc5, 0x46, 0xef, 0xe1, 0x0,
    0xa, 0xff, 0xff, 0xff, 0xf3, 0x0, 0x0, 0x5,
    0xbe, 0xfe, 0x92, 0x0, 0x0,

    /* U+0066 "f" */
    0x0, 0x0, 0x7, 0xdf, 0xff, 0xfc, 0x0, 0x0,
    0x8f, 0xff, 0xff, 0xfc, 0x0, 0x0, 0xef, 0xc1,
    0x0, 0x0, 0x0, 0x0, 0xff, 0x60, 0x0, 0x0,
    0x6f, 0xff, 0xff, 0xff, 0xff, 0xf9, 0x6f, 0xff,
    0xff, 0xff, 0xff, 0xf9, 0x0, 0x0, 0xff, 0x70,
    0x0, 0x0, 0x0, 0x0, 0xff, 0x60, 0x0, 0x0,
    0x0, 0x0, 0xff, 0x60, 0x0, 0x0, 0x0, 0x0,
    0xff, 0x60, 0x0, 0x0, 0x0, 0x0, 0xff, 0x60,
    0x0, 0x0, 0x0, 0x0, 0xff, 0x60, 0x0, 0x0,
    0x0, 0x0, 0xff, 0x60, 0x0, 0x0, 0x0, 0x0,
    0xff, 0x60, 0x0, 0x0, 0x0, 0x0, 0xff, 0x60,
    0x0, 0x0, 0x0, 0x0, 0xff, 0x60, 0x0, 0x0,
    0x0, 0x0, 0xff, 0x60, 0x0, 0x0,

    /* U+0067 "g" */
    0x0, 0x18, 0xdf, 0xe9, 0x17, 0xfd, 0x1, 0xdf,
    0xff, 0xff, 0xe9, 0xfd, 0xb, 0xff, 0x93, 0x37,
    0xff, 0xfd, 0x3f, 0xf8, 0x0, 0x0, 0x5f, 0xfd,
    0x8f, 0xf1, 0x0, 0x0, 0xc, 0xfd, 0xaf, 0xe0,
    0x0, 0x0, 0xa, 0xfd, 0xaf, 0xe0, 0x0, 0x0,
    0xa, 0xfd, 0x8f, 0xf0, 0x0, 0x0, 0xc, 0xfd,
    0x4f, 0xf7, 0x0, 0x0, 0x3f, 0xfd, 0xc, 0xff,
    0x61, 0x4, 0xef, 0xfd, 0x2, 0xef, 0xff, 0xff,
    0xfb, 0xfd, 0x0, 0x1a, 0xff, 0xfc, 0x39, 0xfd,
    0x0, 0x0, 0x1, 0x0, 0xa, 0xfc, 0x2f, 0xf6,
    0x0, 0x0, 0x1e, 0xfa, 0xb, 0xff, 0x73, 0x35,
    0xdf, 0xf3, 0x1, 0xdf, 0xff, 0xff, 0xff, 0x70,
    0x0, 0x7, 0xcf, 0xfe, 0xa3, 0x0,

    /* U+0068 "h" */
    0xcf, 0xa0, 0x0, 0x0, 0x0, 0xc, 0xfa, 0x0,
    0x0, 0x0, 0x0, 0xcf, 0xa0, 0x0, 0x0, 0x0,
    0xc, 0xfa, 0x0, 0x0, 0x0, 0x0, 0xcf, 0xa1,
    0x9e, 0xfd, 0x70, 0xc, 0xfb, 0xdf, 0xff, 0xff,
    0x90, 0xcf, 0xfe, 0x62, 0x4d, 0xff, 0x2c, 0xff,
    0x30, 0x0, 0x3f, 0xf6, 0xcf, 0xc0, 0x0, 0x0,
    0xff, 0x8c, 0xfa, 0x0, 0x0, 0xe, 0xf8, 0xcf,
    0xa0, 0x0, 0x0, 0xef, 0x8c, 0xfa, 0x0, 0x0,
    0xe, 0xf8, 0xcf, 0xa0, 0x0, 0x0, 0xef, 0x8c,
    0xfa, 0x0, 0x0, 0xe, 0xf8, 0xcf, 0xa0, 0x0,
    0x0, 0xef, 0x8c, 0xfa, 0x0, 0x0, 0xe, 0xf8,
    0xcf, 0xa0, 0x0, 0x0, 0xef, 0x80,

    /* U+0069 "i" */
    0x0, 0x0, 0x5, 0xff, 0x20, 0x0, 0x0, 0x0,
    0x0, 0x5f, 0xf2, 0x0, 0x0, 0x0, 0x0, 0x2,
    0x88, 0x10, 0x0, 0x0, 0x0, 0x0, 0x0, 0x0,
    0x0, 0x0, 0xf, 0xff, 0xff, 0xff, 0x40, 0x0,
    0x0, 0xff, 0xff, 0xff, 0xf4, 0x0, 0x0, 0x0,
    0x0, 0x3, 0xff, 0x40, 0x0, 0x0, 0x0, 0x0,
    0x3f, 0xf4, 0x0, 0x0, 0x0, 0x0, 0x3, 0xff,
    0x40, 0x0, 0x0, 0x0, 0x0, 0x3f, 0xf4, 0x0,
    0x0, 0x0, 0x0, 0x3, 0xff, 0x40, 0x0, 0x0,
    0x0, 0x0, 0x3f, 0xf4, 0x0, 0x0, 0x0, 0x0,
    0x3, 0xff, 0x40, 0x0, 0x0, 0x0, 0x0, 0x3f,
    0xf4, 0x0, 0x0, 0x0, 0x0, 0x3, 0xff, 0x40,
    0x0, 0x2, 0xff, 0xff, 0xff, 0xff, 0xff, 0xf8,
    0x2f, 0xff, 0xff, 0xff, 0xff, 0xff, 0x80,

    /* U+006A "j" */
    0x0, 0x0, 0x0, 0xbf, 0xc0, 0x0, 0x0, 0xb,
    0xfc, 0x0, 0x0, 0x0, 0x58, 0x60, 0x0, 0x0,
    0x0, 0x0, 0x4f, 0xff, 0xff, 0xff, 0xc4, 0xff,
    0xff, 0xff, 0xfc, 0x0, 0x0, 0x0, 0xaf, 0xc0,
    0x0, 0x0, 0xa, 0xfc, 0x0, 0x0, 0x0, 0xaf,
    0xc0, 0x0, 0x0, 0xa, 0xfc, 0x0, 0x0, 0x0,
    0xaf, 0xc0, 0x0, 0x0, 0xa, 0xfc, 0x0, 0x0,
    0x0, 0xaf, 0xc0, 0x0, 0x0, 0xa, 0xfc, 0x0,
    0x0, 0x0, 0xaf, 0xc0, 0x0, 0x0, 0xa, 0xfc,
    0x0, 0x0, 0x0, 0xaf, 0xc0, 0x0, 0x0, 0xb,
    0xfc, 0x0, 0x0, 0x4, 0xff, 0x97, 0xff, 0xff,
    0xff, 0xf2, 0x7f, 0xff, 0xff, 0xb3, 0x0,

    /* U+006B "k" */
    0x1f, 0xf5, 0x0, 0x0, 0x0, 0x0, 0x1, 0xff,
    0x50, 0x0, 0x0, 0x0, 0x0, 0x1f, 0xf5, 0x0,
    0x0, 0x0, 0x0, 0x1, 0xff, 0x50, 0x0, 0x0,
    0x0, 0x0, 0x1f, 0xf5, 0x0, 0x0, 0x5f, 0xfb,
    0x1, 0xff, 0x50, 0x0, 0x3f, 0xfc, 0x0, 0x1f,
    0xf5, 0x0, 0x2e, 0xfd, 0x10, 0x1, 0xff, 0x50,
    0x1e, 0xfe, 0x20, 0x0, 0x1f, 0xf5, 0xc, 0xff,
    0x20, 0x0, 0x1, 0xff, 0x5b, 0xff, 0x60, 0x0,
    0x0, 0x1f, 0xfd, 0xff, 0xfd, 0x0, 0x0, 0x1,
    0xff, 0xff, 0x7f, 0xf9, 0x0, 0x0, 0x1f, 0xff,
    0x60, 0x8f, 0xf4, 0x0, 0x1, 0xff, 0x80, 0x0,
    0xcf, 0xe1, 0x0, 0x1f, 0xf5, 0x0, 0x2, 0xff,
    0xa0, 0x1, 0xff, 0x50, 0x0, 0x7, 0xff, 0x50,
    0x1f, 0xf5, 0x0, 0x0, 0xc, 0xff, 0x20,

    /* U+006C "l" */
    0x2f, 0xff, 0xec, 0x40, 0x0, 0x0, 0x2, 0xff,
    0xff, 0xff, 0x20, 0x0, 0x0, 0x0, 0x0, 0x3f,
    0xf9, 0x0, 0x0, 0x0, 0x0, 0x0, 0xaf, 0xb0,
    0x0, 0x0, 0x0, 0x0, 0xa, 0xfc, 0x0, 0x0,
    0x0, 0x0, 0x0, 0xaf, 0xc0, 0x0, 0x0, 0x0,
    0x0, 0xa, 0xfc, 0x0, 0x0, 0x0, 0x0, 0x0,
    0xaf, 0xc0, 0x0, 0x0, 0x0, 0x0, 0xa, 0xfc,
    0x0, 0x0, 0x0, 0x0, 0x0, 0xaf, 0xc0, 0x0,
    0x0, 0x0, 0x0, 0xa, 0xfc, 0x0, 0x0, 0x0,
    0x0, 0x0, 0xaf, 0xc0, 0x0, 0x0, 0x0, 0x0,
    0xa, 0xfc, 0x0, 0x0, 0x0, 0x0, 0x0, 0xaf,
    0xc0, 0x0, 0x0, 0x0, 0x0, 0xa, 0xfc, 0x0,
    0x0, 0xa, 0xff, 0xff, 0xff, 0xff, 0xff, 0xf1,
    0xaf, 0xff, 0xff, 0xff, 0xff, 0xff, 0x10,

    /* U+006D "m" */
    0x2f, 0xf1, 0xbf, 0xb1, 0x1a, 0xfd, 0x50, 0x2f,
    0xfa, 0xff, 0xf9, 0xaf, 0xff, 0xf1, 0x2f, 0xfd,
    0x38, 0xfe, 0xe3, 0x6f, 0xf5, 0x2f, 0xf6, 0x1,
    0xff, 0x80, 0xe, 0xf7, 0x2f, 0xf3, 0x0, 0xff,
    0x60, 0xd, 0xf8, 0x2f, 0xf3, 0x0, 0xff, 0x50,
    0xd, 0xf8, 0x2f, 0xf3, 0x0, 0xff, 0x50, 0xd,
    0xf8, 0x2f, 0xf3, 0x0, 0xff, 0x50, 0xd, 0xf8,
    0x2f, 0xf3, 0x0, 0xff, 0x50, 0xd, 0xf8, 0x2f,
    0xf3, 0x0, 0xff, 0x50, 0xd, 0xf8, 0x2f, 0xf3,
    0x0, 0xff, 0x50, 0xd, 0xf8, 0x2f, 0xf3, 0x0,
    0xff, 0x50, 0xd, 0xf8, 0x2f, 0xf3, 0x0, 0xff,
    0x50, 0xd, 0xf8,

    /* U+006E "n" */
    0x1f, 0xf2, 0x2a, 0xef, 0xc5, 0x0, 0x1f, 0xf5,
    0xff, 0xff, 0xff, 0x60, 0x1f, 0xfe, 0xc4, 0x25,
    0xef, 0xf1, 0x1f, 0xfd, 0x0, 0x0, 0x5f, 0xf5,
    0x1f, 0xf7, 0x0, 0x0, 0xf, 0xf7, 0x1f, 0xf5,
    0x0, 0x0, 0xf, 0xf7, 0x1f, 0xf5, 0x0, 0x0,
    0xf, 0xf7, 0x1f, 0xf5, 0x0, 0x0, 0xf, 0xf7,
    0x1f, 0xf5, 0x0, 0x0, 0xf, 0xf7, 0x1f, 0xf5,
    0x0, 0x0, 0xf, 0xf7, 0x1f, 0xf5, 0x0, 0x0,
    0xf, 0xf7, 0x1f, 0xf5, 0x0, 0x0, 0xf, 0xf7,
    0x1f, 0xf5, 0x0, 0x0, 0xf, 0xf7,

    /* U+006F "o" */
    0x0, 0x5, 0xce, 0xfd, 0x81, 0x0, 0x0, 0xb,
    0xff, 0xff, 0xff, 0xe3, 0x0, 0x9, 0xff, 0xb5,
    0x47, 0xff, 0xe1, 0x2, 0xff, 0xa0, 0x0, 0x4,
    0xff, 0x80, 0x7f, 0xf2, 0x0, 0x0, 0xc, 0xfd,
    0x9, 0xff, 0x0, 0x0, 0x0, 0x8f, 0xf0, 0xaf,
    0xd0, 0x0, 0x0, 0x7, 0xff, 0x19, 0xff, 0x0,
    0x0, 0x0, 0x8f, 0xf0, 0x7f, 0xf2, 0x0, 0x0,
    0xc, 0xfd, 0x2, 0xff, 0xa0, 0x0, 0x4, 0xff,
    0x80, 0x9, 0xff, 0xa4, 0x37, 0xff, 0xe1, 0x0,
    0xb, 0xff, 0xff, 0xff, 0xe3, 0x0, 0x0, 0x5,
    0xce, 0xfd, 0x81, 0x0, 0x0,

    /* U+0070 "p" */
    0x4f, 0xf0, 0x4b, 0xfe, 0xc5, 0x0, 0x4, 0xff,
    0x6f, 0xff, 0xff, 0xf8, 0x0, 0x4f, 0xff, 0xd6,
    0x46, 0xef, 0xf4, 0x4, 0xff, 0xe1, 0x0, 0x1,
    0xff, 0xc0, 0x4f, 0xf7, 0x0, 0x0, 0x9, 0xff,
    0x14, 0xff, 0x30, 0x0, 0x0, 0x5f, 0xf3, 0x4f,
    0xf2, 0x0, 0x0, 0x4, 0xff, 0x44, 0xff, 0x30,
    0x0, 0x0, 0x5f, 0xf3, 0x4f, 0xf7, 0x0, 0x0,
    0x9, 0xff, 0x14, 0xff, 0xd0, 0x0, 0x1, 0xff,
    0xc0, 0x4f, 0xff, 0xd5, 0x36, 0xdf, 0xf4, 0x4,
    0xff, 0x9f, 0xff, 0xff, 0xf8, 0x0, 0x4f, 0xf2,
    0x5c, 0xfe, 0xc5, 0x0, 0x4, 0xff, 0x20, 0x0,
    0x0, 0x0, 0x0, 0x4f, 0xf2, 0x0, 0x0, 0x0,
    0x0, 0x4, 0xff, 0x20, 0x0, 0x0, 0x0, 0x0,
    0x4f, 0xf2, 0x0, 0x0, 0x0, 0x0, 0x0,

    /* U+0071 "q" */
    0x0, 0x29, 0xdf, 0xd7, 0xa, 0xfa, 0x3, 0xff,
    0xff, 0xff, 0xba, 0xfa, 0xd, 0xff, 0x94, 0x4a,
    0xff, 0xfa, 0x6f, 0xf7, 0x0, 0x0, 0x9f, 0xfa,
    0xaf, 0xe0, 0x0, 0x0, 0x1f, 0xfa, 0xcf, 0xc0,
    0x0, 0x0, 0xd, 0xfa, 0xdf, 0xa0, 0x0, 0x0,
    0xc, 0xfa, 0xcf, 0xc0, 0x0, 0x0, 0xd, 0xfa,
    0xaf, 0xe0, 0x0, 0x0, 0xf, 0xfa, 0x6f, 0xf7,
    0x0, 0x0, 0x8f, 0xfa, 0xe, 0xff, 0x84, 0x49,
    0xff, 0xfa, 0x3, 0xff, 0xff, 0xff, 0xdc, 0xfa,
    0x0, 0x2a, 0xef, 0xe8, 0xc, 0xfa, 0x0, 0x0,
    0x0, 0x0, 0xc, 0xfa, 0x0, 0x0, 0x0, 0x0,
    0xc, 0xfa, 0x0, 0x0, 0x0, 0x0, 0xc, 0xfa,
    0x0, 0x0, 0x0, 0x0, 0xc, 0xfa,

    /* U+0072 "r" */
    0xff, 0xff, 0xf3, 0x6d, 0xff, 0xf1, 0xff, 0xff,
    0xf8, 0xff, 0xff, 0xf1, 0x0, 0xc, 0xff, 0xc3,
    0x0, 0x0, 0x0, 0xc, 0xff, 0x10, 0x0, 0x0,
    0x0, 0xc, 0xfc, 0x0, 0x0, 0x0, 0x0, 0xc,
    0xfb, 0x0, 0x0, 0x0, 0x0, 0xc, 0xfb, 0x0,
    0x0, 0x0, 0x0, 0xc, 0xfb, 0x0, 0x0, 0x0,
    0x0, 0xc, 0xfb, 0x0, 0x0, 0x0, 0x0, 0xc,
    0xfb, 0x0, 0x0, 0x0, 0x0, 0xc, 0xfb, 0x0,
    0x0, 0x0, 0xff, 0xff, 0xff, 0xff, 0xfa, 0x0,
    0xff, 0xff, 0xff, 0xff, 0xfa, 0x0,

    /* U+0073 "s" */
    0x0, 0x18, 0xdf, 0xfd, 0x81, 0x0, 0x1, 0xef,
    0xff, 0xff, 0xfe, 0x20, 0xa, 0xff, 0x84, 0x37,
    0xff, 0xd0, 0xd, 0xfb, 0x0, 0x0, 0x5f, 0xf3,
    0xc, 0xfc, 0x0, 0x0, 0x2, 0x20, 0x7, 0xff,
    0xd8, 0x41, 0x0, 0x0, 0x0, 0x7e, 0xff, 0xff,
    0xd8, 0x10, 0x0, 0x0, 0x47, 0xbe, 0xff, 0xe1,
    0x4, 0x41, 0x0, 0x0, 0x5f, 0xf7, 0xf, 0xf9,
    0x0, 0x0, 0xf, 0xf9, 0xa, 0xff, 0xa4, 0x34,
    0xaf, 0xf6, 0x0, 0xcf, 0xff, 0xff, 0xff, 0xb0,
    0x0, 0x6, 0xce, 0xfe, 0xb5, 0x0,

    /* U+0074 "t" */
    0x0, 0x0, 0x68, 0x40, 0x0, 0x0, 0x0, 0x0,
    0xdf, 0x90, 0x0, 0x0, 0x0, 0x0, 0xdf, 0x90,
    0x0, 0x0, 0xdf, 0xff, 0xff, 0xff, 0xff, 0xf9,
    0xdf, 0xff, 0xff, 0xff, 0xff, 0xf9, 0x0, 0x0,
    0xdf, 0x90, 0x0, 0x0, 0x0, 0x0, 0xdf, 0x90,
    0x0, 0x0, 0x0, 0x0, 0xdf, 0x90, 0x0, 0x0,
    0x0, 0x0, 0xdf, 0x90, 0x0, 0x0, 0x0, 0x0,
    0xdf, 0x90, 0x0, 0x0, 0x0, 0x0, 0xdf, 0x90,
    0x0, 0x0, 0x0, 0x0, 0xdf, 0x90, 0x0, 0x0,
    0x0, 0x0, 0xcf, 0xa0, 0x0, 0x0, 0x0, 0x0,
    0xaf, 0xf3, 0x0, 0x0, 0x0, 0x0, 0x3f, 0xff,
    0xff, 0xf9, 0x0, 0x0, 0x4, 0xce, 0xff, 0xf9,

    /* U+0075 "u" */
    0xff, 0x70, 0x0, 0x3, 0xff, 0x3f, 0xf7, 0x0,
    0x0, 0x3f, 0xf3, 0xff, 0x70, 0x0, 0x3, 0xff,
    0x3f, 0xf7, 0x0, 0x0, 0x3f, 0xf3, 0xff, 0x70,
    0x0, 0x3, 0xff, 0x3f, 0xf7, 0x0, 0x0, 0x3f,
    0xf3, 0xff, 0x70, 0x0, 0x3, 0xff, 0x3f, 0xf7,
    0x0, 0x0, 0x3f, 0xf3, 0xef, 0x80, 0x0, 0x5,
    0xff, 0x3d, 0xfc, 0x0, 0x0, 0xbf, 0xf3, 0x9f,
    0xf8, 0x23, 0x9f, 0xff, 0x31, 0xef, 0xff, 0xff,
    0x6f, 0xf3, 0x2, 0xbf, 0xfc, 0x50, 0xff, 0x30,

    /* U+0076 "v" */
    0xbf, 0xd0, 0x0, 0x0, 0x7, 0xff, 0x26, 0xff,
    0x30, 0x0, 0x0, 0xcf, 0xc0, 0x1f, 0xf8, 0x0,
    0x0, 0x2f, 0xf6, 0x0, 0xaf, 0xe0, 0x0, 0x7,
    0xff, 0x10, 0x5, 0xff, 0x30, 0x0, 0xdf, 0xb0,
    0x0, 0xf, 0xf8, 0x0, 0x2f, 0xf5, 0x0, 0x0,
    0x9f, 0xe0, 0x7, 0xff, 0x0, 0x0, 0x4, 0xff,
    0x30, 0xdf, 0xa0, 0x0, 0x0, 0xe, 0xf9, 0x2f,
    0xf4, 0x0, 0x0, 0x0, 0x8f, 0xe8, 0xfe, 0x0,
    0x0, 0x0, 0x3, 0xff, 0xff, 0x90, 0x0, 0x0,
    0x0, 0xd, 0xff, 0xf3, 0x0, 0x0, 0x0, 0x0,
    0x7f, 0xfe, 0x0, 0x0, 0x0,

    /* U+0077 "w" */
    0x7f, 0xf0, 0x0, 0x0, 0x0, 0xa, 0xfd, 0x4f,
    0xf3, 0x0, 0x22, 0x0, 0xc, 0xfa, 0x1f, 0xf5,
    0x0, 0xff, 0x50, 0xf, 0xf7, 0xe, 0xf7, 0x2,
    0xff, 0x90, 0x1f, 0xf4, 0xb, 0xfa, 0x6, 0xff,
    0xc0, 0x4f, 0xf1, 0x8, 0xfc, 0x9, 0xfe, 0xf0,
    0x6f, 0xe0, 0x5, 0xff, 0xc, 0xf9, 0xf2, 0x8f,
    0xb0, 0x2, 0xff, 0x1f, 0xc5, 0xf6, 0xbf, 0x80,
    0x0, 0xff, 0x7f, 0x82, 0xf9, 0xdf, 0x50, 0x0,
    0xcf, 0xcf, 0x50, 0xfd, 0xff, 0x20, 0x0, 0x9f,
    0xff, 0x20, 0xbf, 0xff, 0x0, 0x0, 0x6f, 0xfe,
    0x0, 0x8f, 0xfc, 0x0, 0x0, 0x3f, 0xfb, 0x0,
    0x5f, 0xf9, 0x0,

    /* U+0078 "x" */
    0x4f, 0xf7, 0x0, 0x0, 0x1f, 0xfb, 0x0, 0x9f,
    0xf2, 0x0, 0xb, 0xfe, 0x10, 0x0, 0xdf, 0xc0,
    0x6, 0xff, 0x50, 0x0, 0x3, 0xff, 0x71, 0xef,
    0xa0, 0x0, 0x0, 0x7, 0xff, 0xcf, 0xe1, 0x0,
    0x0, 0x0, 0xc, 0xff, 0xf4, 0x0, 0x0, 0x0,
    0x0, 0x6f, 0xfd, 0x0, 0x0, 0x0, 0x0, 0x1e,
    0xff, 0xf7, 0x0, 0x0, 0x0, 0xb, 0xfd, 0x8f,
    0xf2, 0x0, 0x0, 0x6, 0xff, 0x30, 0xcf, 0xc0,
    0x0, 0x2, 0xff, 0x90, 0x2, 0xff, 0x80, 0x0,
    0xcf, 0xd0, 0x0, 0x7, 0xff, 0x30, 0x8f, 0xf3,
    0x0, 0x0, 0xc, 0xfd, 0x0,

    /* U+0079 "y" */
    0xbf, 0xd0, 0x0, 0x0, 0x7, 0xff, 0x25, 0xff,
    0x30, 0x0, 0x0, 0xcf, 0xc0, 0xf, 0xf8, 0x0,
    0x0, 0x1f, 0xf6, 0x0, 0xaf, 0xe0, 0x0, 0x6,
    0xff, 0x10, 0x4, 0xff, 0x30, 0x0, 0xbf, 0xb0,
    0x0, 0xe, 0xf9, 0x0, 0x1f, 0xf6, 0x0, 0x0,
    0x9f, 0xe0, 0x6, 0xff, 0x10, 0x0, 0x3, 0xff,
    0x40, 0xbf, 0xb0, 0x0, 0x0, 0xd, 0xf9, 0xf,
    0xf5, 0x0, 0x0, 0x0, 0x7f, 0xe5, 0xff, 0x0,
    0x0, 0x0, 0x2, 0xff, 0xef, 0xa0, 0x0, 0x0,
    0x0, 0xc, 0xff, 0xf5, 0x0, 0x0, 0x0, 0x0,
    0x6f, 0xff, 0x0, 0x0, 0x0, 0x0, 0x0, 0xaf,
    0xa0, 0x0, 0x0, 0x0, 0x0, 0x4f, 0xf4, 0x0,
    0x0, 0x0, 0xe, 0xff, 0xfd, 0x0, 0x0, 0x0,
    0x0, 0xef, 0xfb, 0x20, 0x0, 0x0, 0x0,

    /* U+007A "z" */
    0xe, 0xff, 0xff, 0xff, 0xff, 0xf5, 0xe, 0xff,
    0xff, 0xff, 0xff, 0xf5, 0x0, 0x0, 0x0, 0x1,
    0xcf, 0xf2, 0x0, 0x0, 0x0, 0xb, 0xff, 0x40,
    0x0, 0x0, 0x0, 0x9f, 0xf5, 0x0, 0x0, 0x0,
    0x7, 0xff, 0x70, 0x0, 0x0, 0x0, 0x6f, 0xf9,
    0x0, 0x0, 0x0, 0x4, 0xff, 0xa0, 0x0, 0x0,
    0x0, 0x3f, 0xfc, 0x0, 0x0, 0x0, 0x2, 0xef,
    0xd1, 0x0, 0x0, 0x0, 0xd, 0xfe, 0x20, 0x0,
    0x0, 0x0, 0x2f, 0xff, 0xff, 0xff, 0xff, 0xf8,
    0x2f, 0xff, 0xff, 0xff, 0xff, 0xf8,

    /* U+007B "{" */
    0x0, 0x0, 0x8, 0xdf, 0xfd, 0x0, 0x0, 0x9f,
    0xff, 0xfd, 0x0, 0x1, 0xff, 0xb4, 0x32, 0x0,
    0x5, 0xff, 0x10, 0x0, 0x0, 0x6, 0xfe, 0x0,
    0x0, 0x0, 0x7, 0xfe, 0x0, 0x0, 0x0, 0x7,
    0xfe, 0x0, 0x0, 0x0, 0x7, 0xfd, 0x0, 0x0,
    0x0, 0xb, 0xf9, 0x0, 0x0, 0x25, 0x9f, 0xf2,
    0x0, 0x0, 0x6f, 0xe8, 0x20, 0x0, 0x0, 0x6f,
    0xfe, 0x70, 0x0, 0x0, 0x1, 0x5f, 0xf6, 0x0,
    0x0, 0x0, 0x9, 0xfc, 0x0, 0x0, 0x0, 0x7,
    0xfe, 0x0, 0x0, 0x0, 0x7, 0xfe, 0x0, 0x0,
    0x0, 0x6, 0xfe, 0x0, 0x0, 0x0, 0x5, 0xff,
    0x0, 0x0, 0x0, 0x2, 0xff, 0xa3, 0x32, 0x0,
    0x0, 0xaf, 0xff, 0xfd, 0x0, 0x0, 0x9, 0xef,
    0xfd,

    /* U+007C "|" */
    0x88, 0x3f, 0xf5, 0xff, 0x5f, 0xf5, 0xff, 0x5f,
    0xf5, 0xff, 0x5f, 0xf5, 0xff, 0x5f, 0xf5, 0xff,
    0x5f, 0xf5, 0xff, 0x5f, 0xf5, 0xff, 0x5f, 0xf5,
    0xff, 0x5f, 0xf5, 0xff, 0x5f, 0xf5, 0xff, 0x50,

    /* U+007D "}" */
    0x6f, 0xfe, 0xb2, 0x0, 0x0, 0x6f, 0xff, 0xfe,
    0x0, 0x0, 0x13, 0x37, 0xff, 0x70, 0x0, 0x0,
    0x0, 0xaf, 0xb0, 0x0, 0x0, 0x0, 0x8f, 0xd0,
    0x0, 0x0, 0x0, 0x8f, 0xd0, 0x0, 0x0, 0x0,
    0x8f, 0xd0, 0x0, 0x0, 0x0, 0x6f, 0xd0, 0x0,
    0x0, 0x0, 0x3f, 0xf1, 0x0, 0x0, 0x0, 0xb,
    0xfd, 0x64, 0x0, 0x0, 0x0, 0x6c, 0xfd, 0x0,
    0x0, 0x2, 0xcf, 0xfd, 0x0, 0x0, 0xe, 0xf9,
    0x10, 0x0, 0x0, 0x5f, 0xf0, 0x0, 0x0, 0x0,
    0x7f, 0xd0, 0x0, 0x0, 0x0, 0x8f, 0xd0, 0x0,
    0x0, 0x0, 0x8f, 0xd0, 0x0, 0x0, 0x0, 0xaf,
    0xb0, 0x0, 0x13, 0x36, 0xff, 0x80, 0x0, 0x6f,
    0xff, 0xff, 0x10, 0x0, 0x6f, 0xff, 0xb3, 0x0,
    0x0,

    /* U+007E "~" */
    0x0, 0x6e, 0xf8, 0x0, 0x9, 0xf7, 0x4, 0xff,
    0xff, 0x80, 0xb, 0xf5, 0xb, 0xf8, 0x2d, 0xf5,
    0x2f, 0xf2, 0xf, 0xf2, 0x2, 0xff, 0xff, 0xb0,
    0xf, 0xf0, 0x0, 0x3d, 0xfb, 0x10,

    /* U+00A0 " " */

    /* U+00A1 "¡" */
    0x7f, 0xfd, 0x7f, 0xfd, 0x7f, 0xfd, 0x12, 0x22,
    0x0, 0x0, 0x8, 0xd0, 0xb, 0xf2, 0xc, 0xf3,
    0xe, 0xf4, 0xf, 0xf5, 0xf, 0xf6, 0xf, 0xf6,
    0xf, 0xf6, 0xf, 0xf6, 0xf, 0xf6, 0xf, 0xf6,
    0xf, 0xf6,

    /* U+00A2 "¢" */
    0x0, 0x0, 0x1, 0xfa, 0x0, 0x0, 0x0, 0x0,
    0x2, 0xf9, 0x0, 0x0, 0x0, 0x2, 0x8c, 0xfd,
    0x71, 0x0, 0x0, 0x6f, 0xff, 0xff, 0xfe, 0x30,
    0x5, 0xff, 0xdb, 0xfa, 0xef, 0xe1, 0xe, 0xfd,
    0x8, 0xf3, 0x2f, 0xf8, 0x4f, 0xf5, 0x9, 0xf2,
    0x6, 0x97, 0x7f, 0xf1, 0xa, 0xf0, 0x0, 0x0,
    0x8f, 0xf0, 0xc, 0xf0, 0x0, 0x0, 0x7f, 0xf0,
    0xd, 0xd0, 0x0, 0x0, 0x5f, 0xf4, 0xf, 0xc0,
    0x7, 0xb9, 0xf, 0xfc, 0xf, 0xb0, 0x1f, 0xf9,
    0x7, 0xff, 0xdf, 0xb6, 0xef, 0xf2, 0x0, 0x9f,
    0xff, 0xff, 0xff, 0x40, 0x0, 0x4, 0xbf, 0xfe,
    0x92, 0x0, 0x0, 0x0, 0x6f, 0x50, 0x0, 0x0,
    0x0, 0x0, 0x7f, 0x30, 0x0, 0x0,

    /* U+00A3 "£" */
    0x0, 0x0, 0x18, 0xdf, 0xec, 0x70, 0x0, 0x0,
    0x2, 0xef, 0xff, 0xff, 0xfd, 0x10, 0x0, 0xd,
    0xff, 0xb7, 0x7d, 0xff, 0xb0, 0x0, 0x3f, 0xfa,
    0x0, 0x1, 0xdf, 0xf2, 0x0, 0x6f, 0xf3, 0x0,
    0x0, 0x47, 0x72, 0x0, 0x5f, 0xf2, 0x0, 0x0,
    0x0, 0x0, 0x0, 0x2f, 0xf5, 0x0, 0x0, 0x0,
    0x0, 0x0, 0xd, 0xfa, 0x0, 0x0, 0x0, 0x0,
    0xf, 0xff, 0xff, 0xff, 0xfe, 0x0, 0x0, 0xd,
    0xdd, 0xff, 0xdd, 0xdb, 0x0, 0x0, 0x0, 0x3,
    0xff, 0x0, 0x0, 0x0, 0x0, 0x0, 0x5, 0xfe,
    0x0, 0x0, 0x0, 0x0, 0x0, 0xa, 0xf9, 0x0,
    0x0, 0x0, 0x0, 0x0, 0x5f, 0xd1, 0x0, 0x0,
    0x0, 0x0, 0x8, 0xfe, 0x77, 0x77, 0x77, 0x77,
    0x70, 0xf, 0xff, 0xff, 0xff, 0xff, 0xff, 0xf2,
    0xf, 0xff, 0xff, 0xff, 0xff, 0xff, 0xf2,

    /* U+00A4 "¤" */
    0x0, 0x10, 0x0, 0x0, 0x0, 0x0, 0x10, 0xb,
    0xd1, 0x0, 0x0, 0x0, 0x8, 0xf3, 0xb, 0xfd,
    0x4a, 0xef, 0xc6, 0x8f, 0xf3, 0x0, 0xbf, 0xff,
    0xff, 0xff, 0xff, 0x30, 0x0, 0x3f, 0xf7, 0x0,
    0x3d, 0xfa, 0x0, 0x0, 0xaf, 0x70, 0x0, 0x1,
    0xff, 0x10, 0x0, 0xef, 0x10, 0x0, 0x0, 0xaf,
    0x40, 0x0, 0xef, 0x10, 0x0, 0x0, 0xaf, 0x40,
    0x0, 0xaf, 0x70, 0x0, 0x1, 0xff, 0x10, 0x0,
    0x3f, 0xf6, 0x0, 0x3d, 0xfa, 0x0, 0x0, 0xbf,
    0xff, 0xff, 0xff, 0xff, 0x30, 0xb, 0xfd, 0x4a,
    0xef, 0xc6, 0x7f, 0xf4, 0xa, 0xd1, 0x0, 0x0,
    0x0, 0x7, 0xe3, 0x0, 0x10, 0x0, 0x0, 0x0,
    0x0, 0x10,

    /* U+00A5 "¥" */
    0xd, 0xfe, 0x0, 0x0, 0x0, 0x8f, 0xf4, 0x5,
    0xff, 0x60, 0x0, 0x0, 0xef, 0xb0, 0x0, 0xcf,
    0xd0, 0x0, 0x7, 0xff, 0x30, 0x0, 0x4f, 0xf5,
    0x0, 0xe, 0xfb, 0x0, 0x0, 0xc, 0xfd, 0x0,
    0x7f, 0xf3, 0x0, 0x0, 0x4, 0xff, 0x50, 0xef,
    0xb0, 0x0, 0x0, 0x0, 0xbf, 0xd6, 0xff, 0x20,
    0x0, 0x0, 0x0, 0x3f, 0xff, 0xfa, 0x0, 0x0,
    0x4, 0xff, 0xff, 0xff, 0xff, 0xff, 0xa0, 0x4,
    0xff, 0xff, 0xff, 0xff, 0xff, 0xb0, 0x0, 0x0,
    0x0, 0xff, 0x70, 0x0, 0x0, 0x0, 0x0, 0x0,
    0xff, 0x70, 0x0, 0x0, 0x4, 0xff, 0xff, 0xff,
    0xff, 0xff, 0xb0, 0x3, 0xff, 0xff, 0xff, 0xff,
    0xff, 0xa0, 0x0, 0x0, 0x0, 0xff, 0x70, 0x0,
    0x0, 0x0, 0x0, 0x0, 0xff, 0x70, 0x0, 0x0,
    0x0, 0x0, 0x0, 0xff, 0x70, 0x0, 0x0,

    /* U+00A6 "¦" */
    0x67, 0x2e, 0xf5, 0xef, 0x5e, 0xf5, 0xef, 0x5e,
    0xf5, 0xef, 0x5e, 0xf5, 0xef, 0x50, 0x0, 0x0,
    0x0, 0x0, 0x77, 0x2e, 0xf5, 0xef, 0x5e, 0xf5,
    0xef, 0x5e, 0xf5, 0xef, 0x5e, 0xf5, 0xef, 0x50,

    /* U+00A7 "§" */
    0x0, 0x7, 0xcf, 0xfe, 0xa3, 0x0, 0x1, 0xdf,
    0xff, 0xff, 0xff, 0x50, 0x9, 0xff, 0x93, 0x26,
    0xef, 0xf1, 0xc, 0xfd, 0x0, 0x0, 0x2f, 0xf7,
    0xb, 0xff, 0x20, 0x0, 0x3, 0x42, 0x2, 0xef,
    0xfb, 0x61, 0x0, 0x0, 0x0, 0x3f, 0xff, 0xff,
    0xd6, 0x0, 0x3, 0xff, 0xd9, 0x9c, 0xff, 0xc0,
    0xb, 0xfc, 0x0, 0x0, 0x4f, 0xf6, 0xd, 0xf8,
    0x0, 0x0, 0xb, 0xf9, 0xb, 0xfe, 0x20, 0x0,
    0x1e, 0xf7, 0x2, 0xef, 0xfc, 0xab, 0xff, 0xd1,
    0x0, 0x17, 0xdf, 0xff, 0xff, 0x20, 0x0, 0x0,
    0x1, 0x5a, 0xff, 0xe1, 0x16, 0x61, 0x0, 0x0,
    0x4f, 0xf7, 0x1f, 0xf9, 0x0, 0x0, 0xf, 0xf9,
    0xa, 0xff, 0x94, 0x24, 0xaf, 0xf5, 0x1, 0xcf,
    0xff, 0xff, 0xff, 0xa0, 0x0, 0x6, 0xce, 0xfe,
    0xb5, 0x0,

    /* U+00A8 "¨" */
    0x28, 0x81, 0x6, 0x86, 0x5f, 0xf3, 0xd, 0xfb,
    0x5f, 0xf3, 0xd, 0xfb,

    /* U+00A9 "©" */
    0x0, 0x0, 0x15, 0x88, 0x72, 0x0, 0x0, 0x0,
    0x0, 0x6f, 0xff, 0xff, 0xfa, 0x0, 0x0, 0x0,
    0x8f, 0xd5, 0x10, 0x3a, 0xfc, 0x10, 0x0, 0x4f,
    0xb0, 0x0, 0x0, 0x6, 0xfa, 0x0, 0xd, 0xf1,
    0x5, 0xbb, 0x81, 0xa, 0xf3, 0x3, 0xf8, 0x9,
    0xff, 0xff, 0xf2, 0x2f, 0x90, 0x8f, 0x34, 0xfe,
    0x30, 0x7f, 0xd0, 0xde, 0xa, 0xf0, 0xaf, 0x60,
    0x0, 0xbc, 0x1a, 0xf0, 0xcf, 0xd, 0xf3, 0x0,
    0x0, 0x0, 0x8f, 0x2c, 0xe0, 0xdf, 0x20, 0x0,
    0x0, 0x8, 0xf2, 0xbf, 0xb, 0xf5, 0x0, 0x9,
    0xc2, 0x9f, 0x19, 0xf1, 0x6f, 0xc0, 0x4, 0xfe,
    0xb, 0xf0, 0x5f, 0x60, 0xcf, 0xed, 0xff, 0x40,
    0xfb, 0x1, 0xfc, 0x0, 0x9e, 0xfc, 0x40, 0x6f,
    0x60, 0x8, 0xf6, 0x0, 0x0, 0x0, 0x1e, 0xd0,
    0x0, 0xd, 0xf6, 0x0, 0x0, 0x3d, 0xf4, 0x0,
    0x0, 0x1d, 0xfe, 0xaa, 0xcf, 0xf4, 0x0, 0x0,
    0x0, 0x7, 0xcf, 0xfd, 0x92, 0x0, 0x0,

    /* U+00AA "ª" */
    0x0, 0x6d, 0xfe, 0xb2, 0x0, 0x6, 0xff, 0xad,
    0xfe, 0x0, 0x9, 0xb5, 0x0, 0xef, 0x50, 0x0,
    0x3, 0x7a, 0xff, 0x70, 0x3, 0xef, 0xfd, 0xff,
    0x70, 0xe, 0xf9, 0x10, 0xdf, 0x70, 0xf, 0xf7,
    0x7, 0xff, 0x80, 0xb, 0xff, 0xff, 0xaf, 0xf2,
    0x0, 0x58, 0x83, 0x6, 0x91,

    /* U+00AB "«" */
    0x0, 0x1, 0x89, 0x50, 0x28, 0x94, 0x0, 0xc,
    0xfd, 0x0, 0xdf, 0xc0, 0x0, 0xaf, 0xe2, 0xb,
    0xfe, 0x10, 0x8, 0xff, 0x30, 0x9f, 0xf2, 0x0,
    0x4f, 0xf5, 0x5, 0xff, 0x40, 0x0, 0x5f, 0xe1,
    0x6, 0xfe, 0x0, 0x0, 0x1d, 0xfc, 0x1, 0xef,
    0xb0, 0x0, 0x2, 0xef, 0xa0, 0x2f, 0xf9, 0x0,
    0x0, 0x3f, 0xf8, 0x4, 0xff, 0x70, 0x0, 0x5,
    0xff, 0x50, 0x6f, 0xf5,

    /* U+00AC "¬" */
    0xef, 0xff, 0xff, 0xff, 0xff, 0x4e, 0xff, 0xff,
    0xff, 0xff, 0xf4, 0x0, 0x0, 0x0, 0x0, 0xbf,
    0x40, 0x0, 0x0, 0x0, 0xb, 0xf4, 0x0, 0x0,
    0x0, 0x0, 0xbf, 0x40, 0x0, 0x0, 0x0, 0xb,
    0xf4,

    /* U+00AE "®" */
    0x0, 0x0, 0x0, 0x0, 0x0, 0x0, 0x0, 0x0,
    0x0, 0x7d, 0xff, 0xea, 0x20, 0x0, 0x0, 0x2d,
    0xf9, 0x54, 0x7d, 0xf6, 0x0, 0x1, 0xec, 0x10,
    0x0, 0x0, 0x7f, 0x60, 0xa, 0xe1, 0x7f, 0xff,
    0xc3, 0x9, 0xf1, 0x1f, 0x70, 0x7f, 0x44, 0xce,
    0x1, 0xf7, 0x4f, 0x20, 0x7f, 0x10, 0xaf, 0x0,
    0xcb, 0x6f, 0x10, 0x7f, 0xff, 0xf6, 0x0, 0xac,
    0x5f, 0x20, 0x7f, 0x4c, 0xd0, 0x0, 0xbb, 0x1f,
    0x60, 0x7f, 0x14, 0xf6, 0x0, 0xf8, 0xb, 0xd0,
    0x7f, 0x10, 0xbe, 0x7, 0xf2, 0x2, 0xfa, 0x11,
    0x0, 0x1, 0x5f, 0x80, 0x0, 0x4f, 0xd6, 0x21,
    0x49, 0xfa, 0x0, 0x0, 0x2, 0xaf, 0xff, 0xfd,
    0x50, 0x0, 0x0, 0x0, 0x0, 0x33, 0x10, 0x0,
    0x0,

    /* U+00AF "¯" */
    0x1f, 0xff, 0xff, 0xf7, 0x1f, 0xff, 0xff, 0xf7,

    /* U+00B0 "°" */
    0x0, 0x8d, 0xeb, 0x30, 0x0, 0xcf, 0xff, 0xff,
    0x30, 0x6f, 0xd3, 0x19, 0xfd, 0xa, 0xf6, 0x0,
    0xf, 0xf1, 0xaf, 0x60, 0x0, 0xff, 0x16, 0xfd,
    0x21, 0x9f, 0xd0, 0xc, 0xff, 0xff, 0xf4, 0x0,
    0x9, 0xef, 0xc3, 0x0,

    /* U+00B1 "±" */
    0x0, 0x0, 0xc, 0xd4, 0x0, 0x0, 0x0, 0x0,
    0xe, 0xf4, 0x0, 0x0, 0x0, 0x0, 0xe, 0xf4,
    0x0, 0x0, 0x0, 0x0, 0xe, 0xf4, 0x0, 0x0,
    0x2, 0x22, 0x2e, 0xf6, 0x22, 0x22, 0x5f, 0xff,
    0xff, 0xff, 0xff, 0xfc, 0x5f, 0xff, 0xff, 0xff,
    0xff, 0xfc, 0x0, 0x0, 0xe, 0xf4, 0x0, 0x0,
    0x0, 0x0, 0xe, 0xf4, 0x0, 0x0, 0x0, 0x0,
    0xe, 0xf4, 0x0, 0x0, 0x0, 0x0, 0xe, 0xf4,
    0x0, 0x0, 0x0, 0x0, 0x0, 0x0, 0x0, 0x0,
    0x5f, 0xff, 0xff, 0xff, 0xff, 0xfc, 0x5f, 0xff,
    0xff, 0xff, 0xff, 0xfc,

    /* U+00B2 "²" */
    0x0, 0x8d, 0xfd, 0x50, 0x8, 0xfc, 0x9e, 0xf3,
    0xe, 0xc0, 0x5, 0xf6, 0x0, 0x0, 0x9, 0xf4,
    0x0, 0x3, 0xcf, 0x80, 0x0, 0xaf, 0xb3, 0x0,
    0x9, 0xf6, 0x0, 0x0, 0xf, 0xf9, 0x99, 0x93,
    0xf, 0xff, 0xff, 0xf5,

    /* U+00B3 "³" */
    0x2, 0xbe, 0xfd, 0x50, 0xd, 0xfa, 0x9f, 0xf1,
    0x2, 0x11, 0x3c, 0xf1, 0x0, 0x8, 0xfe, 0x40,
    0x0, 0x2, 0x6d, 0xf3, 0x0, 0x0, 0x4, 0xf9,
    0x1b, 0x70, 0x5, 0xf8, 0xe, 0xfa, 0x9e, 0xf3,
    0x3, 0xcf, 0xfc, 0x40,

    /* U+00B4 "´" */
    0x0, 0x58, 0x85, 0x0, 0xef, 0xf5, 0x4, 0xff,
    0xe0, 0x9, 0xff, 0x70, 0xe, 0xff, 0x10, 0x3f,
    0xf9, 0x0,

    /* U+00B5 "µ" */
    0xff, 0x70, 0x0, 0x1, 0xff, 0x5f, 0xf7, 0x0,
    0x0, 0x1f, 0xf5, 0xff, 0x70, 0x0, 0x1, 0xff,
    0x5f, 0xf7, 0x0, 0x0, 0x1f, 0xf5, 0xff, 0x70,
    0x0, 0x1, 0xff, 0x5f, 0xf7, 0x0, 0x0, 0x1f,
    0xf5, 0xff, 0x70, 0x0, 0x1, 0xff, 0x5f, 0xf7,
    0x0, 0x0, 0x1f, 0xf5, 0xff, 0x90, 0x0, 0x3,
    0xff, 0x5f, 0xfd, 0x0, 0x0, 0xaf, 0xf5, 0xff,
    0xfa, 0x33, 0x9f, 0xff, 0x5f, 0xff, 0xff, 0xff,
    0x9f, 0xf5, 0xff, 0x89, 0xfe, 0x80, 0xff, 0x5f,
    0xf7, 0x0, 0x0, 0x0, 0x0, 0xff, 0x70, 0x0,
    0x0, 0x0, 0xf, 0xf7, 0x0, 0x0, 0x0, 0x0,
    0xff, 0x70, 0x0, 0x0, 0x0, 0x0,

    /* U+00B6 "¶" */
    0x0, 0x2a, 0xef, 0xff, 0xff, 0xf3, 0x3, 0xff,
    0xff, 0xff, 0xff, 0xf3, 0xd, 0xff, 0xff, 0xf7,
    0x2f, 0xf3, 0x3f, 0xff, 0xff, 0xf5, 0xf, 0xf3,
    0x5f, 0xff, 0xff, 0xf5, 0xf, 0xf3, 0x4f, 0xff,
    0xff, 0xf5, 0xf, 0xf3, 0x1f, 0xff, 0xff, 0xf5,
    0xf, 0xf3, 0xa, 0xff, 0xff, 0xf5, 0xf, 0xf3,
    0x1, 0xcf, 0xff, 0xf5, 0xf, 0xf3, 0x0, 0x5,
    0x9f, 0xf5, 0xf, 0xf3, 0x0, 0x0, 0xe, 0xf5,
    0xf, 0xf3, 0x0, 0x0, 0xe, 0xf5, 0xf, 0xf3,
    0x0, 0x0, 0xe, 0xf5, 0xf, 0xf3, 0x0, 0x0,
    0xe, 0xf5, 0xf, 0xf3, 0x0, 0x0, 0xe, 0xf5,
    0xf, 0xf3, 0x0, 0x0, 0xe, 0xf5, 0xf, 0xf3,
    0x0, 0x0, 0xe, 0xf5, 0xf, 0xf3,

    /* U+00B7 "·" */
    0x12, 0x22, 0x7f, 0xfd, 0x7f, 0xfd, 0x7f, 0xfd,

    /* U+00B8 "¸" */
    0x0, 0x2, 0x10, 0x0, 0x9, 0xf2, 0x0, 0x0,
    0xbf, 0xf6, 0x0, 0x0, 0x1b, 0xf0, 0x5e, 0x53,
    0xcf, 0x1, 0xdf, 0xff, 0x60, 0x0, 0x34, 0x10,
    0x0,

    /* U+00B9 "¹" */
    0x0, 0x5, 0xf3, 0x1, 0x4d, 0xf3, 0xf, 0xff,
    0xf3, 0x4, 0x4b, 0xf3, 0x0, 0xa, 0xf3, 0x0,
    0xa, 0xf3, 0x0, 0xa, 0xf3, 0x0, 0xa, 0xf3,
    0x0, 0xa, 0xf3,

    /* U+00BA "º" */
    0x2, 0xae, 0xfd, 0x60, 0x2, 0xef, 0xdb, 0xff,
    0x70, 0xaf, 0xc0, 0x6, 0xff, 0x1e, 0xf6, 0x0,
    0xf, 0xf4, 0xff, 0x40, 0x0, 0xef, 0x5d, 0xf7,
    0x0, 0x1f, 0xf3, 0x8f, 0xe3, 0x1a, 0xfe, 0x0,
    0xcf, 0xff, 0xff, 0x30, 0x0, 0x59, 0xa7, 0x10,
    0x0,

    /* U+00BB "»" */
    0x8, 0x95, 0x1, 0x89, 0x50, 0x0, 0x6, 0xff,
    0x50, 0x7f, 0xf4, 0x0, 0x0, 0x8f, 0xf3, 0xa,
    0xfe, 0x20, 0x0, 0xb, 0xfe, 0x10, 0xcf, 0xd1,
    0x0, 0x0, 0xcf, 0xb0, 0x1d, 0xfa, 0x0, 0x0,
    0x8f, 0xc0, 0x9, 0xfb, 0x0, 0x5, 0xff, 0x50,
    0x6f, 0xf4, 0x0, 0x3f, 0xf8, 0x4, 0xff, 0x70,
    0x1, 0xef, 0xa0, 0x2f, 0xf9, 0x0, 0xd, 0xfc,
    0x1, 0xef, 0xb0, 0x0,

    /* U+00BC "¼" */
    0x0, 0x3f, 0x50, 0x0, 0x0, 0xd, 0xf2, 0x13,
    0xcf, 0x50, 0x0, 0x0, 0x6f, 0xa0, 0xef, 0xff,
    0x50, 0x0, 0x0, 0xef, 0x10, 0x34, 0xaf, 0x50,
    0x0, 0x7, 0xf8, 0x0, 0x0, 0x8f, 0x50, 0x0,
    0x1f, 0xf1, 0x0, 0x0, 0x8f, 0x50, 0x0, 0x8f,
    0x70, 0x0, 0x0, 0x8f, 0x50, 0x0, 0x11, 0x0,
    0x0, 0x0, 0x8f, 0x50, 0x0, 0x0, 0x42, 0x0,
    0x0, 0x8f, 0x50, 0x0, 0xb, 0xfb, 0x0, 0x0,
    0x24, 0x10, 0x0, 0x6f, 0xfb, 0x0, 0x0, 0x0,
    0x11, 0x3, 0xfc, 0xfb, 0x0, 0x0, 0x3, 0xfd,
    0x1d, 0xd2, 0xfb, 0x0, 0x0, 0xb, 0xf5, 0xaf,
    0x22, 0xfb, 0x0, 0x0, 0x4f, 0xc5, 0xfc, 0x89,
    0xfd, 0x80, 0x0, 0xcf, 0x37, 0xff, 0xff, 0xff,
    0xf0, 0x5, 0xfb, 0x0, 0x0, 0x2, 0xfb, 0x0,
    0xd, 0xf2, 0x0, 0x0, 0x2, 0xfb, 0x0,

    /* U+00BD "½" */
    0x0, 0x4, 0x10, 0x0, 0x0, 0x2, 0x41, 0x0,
    0x3f, 0x60, 0x0, 0x0, 0x1e, 0xf1, 0x13, 0xcf,
    0x60, 0x0, 0x0, 0x8f, 0x80, 0xdf, 0xff, 0x60,
    0x0, 0x1, 0xfe, 0x0, 0x34, 0x9f, 0x60, 0x0,
    0x9, 0xf7, 0x0, 0x0, 0x7f, 0x60, 0x0, 0x2f,
    0xe0, 0x0, 0x0, 0x7f, 0x60, 0x0, 0x9e, 0x50,
    0x0, 0x0, 0x7f, 0x60, 0x0, 0x0, 0x0, 0x0,
    0x0, 0x7f, 0x60, 0x0, 0x49, 0xa7, 0x0, 0x0,
    0x7f, 0x60, 0x6, 0xff, 0xff, 0xc0, 0x0, 0x0,
    0x0, 0xf, 0xe2, 0xb, 0xf4, 0x0, 0x0, 0x44,
    0x16, 0x40, 0x7, 0xf5, 0x0, 0x4, 0xfc, 0x0,
    0x0, 0x2d, 0xf1, 0x0, 0xc, 0xf3, 0x0, 0x19,
    0xfe, 0x30, 0x0, 0x5f, 0xb0, 0x2, 0xef, 0x80,
    0x0, 0x0, 0xdf, 0x30, 0xc, 0xf3, 0x0, 0x0,
    0x5, 0xfa, 0x0, 0x1f, 0xe9, 0x99, 0x92, 0xd,
    0xf2, 0x0, 0x2f, 0xff, 0xff, 0xf3,

    /* U+00BE "¾" */
    0x3, 0xcf, 0xea, 0x10, 0x0, 0x8, 0xf8, 0x1e,
    0xf9, 0xbf, 0xb0, 0x0, 0x1f, 0xe0, 0x3a, 0x50,
    0xe, 0xe0, 0x0, 0x9f, 0x70, 0x0, 0x1, 0x4f,
    0xa0, 0x1, 0xfe, 0x0, 0x0, 0xd, 0xfd, 0x10,
    0xa, 0xf6, 0x0, 0x0, 0x4, 0x6e, 0xe1, 0x2f,
    0xe0, 0x0, 0x12, 0x0, 0x7, 0xf5, 0x13, 0x20,
    0x0, 0x6f, 0x90, 0x1c, 0xf3, 0x0, 0x0, 0x0,
    0xd, 0xff, 0xff, 0x90, 0x1, 0xef, 0x30, 0x0,
    0x57, 0x73, 0x0, 0xc, 0xff, 0x30, 0x0, 0x0,
    0x0, 0x0, 0x8f, 0xcf, 0x30, 0x0, 0x0, 0xdf,
    0x35, 0xf6, 0x9f, 0x30, 0x0, 0x5, 0xfa, 0x2f,
    0xa0, 0x9f, 0x30, 0x0, 0xe, 0xf2, 0xcf, 0x98,
    0xdf, 0xa4, 0x0, 0x7f, 0x90, 0xff, 0xff, 0xff,
    0xf7, 0x0, 0xef, 0x10, 0x0, 0x0, 0x9f, 0x30,
    0x8, 0xf8, 0x0, 0x0, 0x0, 0x9f, 0x30,

    /* U+00BF "¿" */
    0x0, 0x0, 0x6f, 0xfe, 0x0, 0x0, 0x0, 0x0,
    0x6f, 0xfe, 0x0, 0x0, 0x0, 0x0, 0x6f, 0xfe,
    0x0, 0x0, 0x0, 0x0, 0x2, 0x22, 0x0, 0x0,
    0x0, 0x0, 0x2, 0x21, 0x0, 0x0, 0x0, 0x0,
    0xf, 0xf6, 0x0, 0x0, 0x0, 0x0, 0x3f, 0xf4,
    0x0, 0x0, 0x0, 0x2, 0xdf, 0xe0, 0x0, 0x0,
    0x0, 0x6f, 0xfe, 0x30, 0x0, 0x0, 0x7, 0xff,
    0xc2, 0x0, 0x0, 0x0, 0x2f, 0xfa, 0x0, 0x0,
    0x0, 0x0, 0x6f, 0xf2, 0x0, 0x0, 0x5, 0x76,
    0x8f, 0xf1, 0x0, 0x0, 0xd, 0xfb, 0x6f, 0xf5,
    0x0, 0x0, 0x6f, 0xf6, 0x1f, 0xff, 0x85, 0x6a,
    0xff, 0xd0, 0x5, 0xff, 0xff, 0xff, 0xfd, 0x20,
    0x0, 0x29, 0xdf, 0xec, 0x70, 0x0,

    /* U+00C0 "À" */
    0x0, 0x0, 0x8f, 0xf1, 0x0, 0x0, 0x0, 0x0,
    0x0, 0xd, 0xf8, 0x0, 0x0, 0x0, 0x0, 0x0,
    0x3, 0xff, 0x10, 0x0, 0x0, 0x0, 0x0, 0x0,
    0x23, 0x10, 0x0, 0x0, 0x0, 0x0, 0x0, 0x0,
    0x0, 0x0, 0x0, 0x0, 0x0, 0x9, 0xff, 0xf0,
    0x0, 0x0, 0x0, 0x0, 0xe, 0xff, 0xf4, 0x0,
    0x0, 0x0, 0x0, 0x2f, 0xfe, 0xf8, 0x0, 0x0,
    0x0, 0x0, 0x7f, 0xe7, 0xfd, 0x0, 0x0, 0x0,
    0x0, 0xcf, 0x93, 0xff, 0x20, 0x0, 0x0, 0x1,
    0xff, 0x50, 0xef, 0x70, 0x0, 0x0, 0x5, 0xff,
    0x0, 0xaf, 0xb0, 0x0, 0x0, 0xa, 0xfc, 0x0,
    0x5f, 0xf0, 0x0, 0x0, 0xe, 0xf7, 0x0, 0x1f,
    0xf5, 0x0, 0x0, 0x3f, 0xf3, 0x0, 0xc, 0xf9,
    0x0, 0x0, 0x8f, 0xff, 0xff, 0xff, 0xfe, 0x0,
    0x0, 0xcf, 0xff, 0xff, 0xff, 0xff, 0x30, 0x1,
    0xff, 0x85, 0x55, 0x55, 0xff, 0x80, 0x6, 0xff,
    0x10, 0x0, 0x0, 0xbf, 0xc0, 0xb, 0xfd, 0x0,
    0x0, 0x0, 0x7f, 0xf1, 0xf, 0xf9, 0x0, 0x0,
    0x0, 0x3f, 0xf6, 0x4f, 0xf5, 0x0, 0x0, 0x0,
    0xe, 0xfa,

    /* U+00C1 "Á" */
    0x0, 0x0, 0x0, 0x8, 0xfe, 0x10, 0x0, 0x0,
    0x0, 0x0, 0x1f, 0xf5, 0x0, 0x0, 0x0, 0x0,
    0x0, 0x8f, 0xa0, 0x0, 0x0, 0x0, 0x0, 0x0,
    0x23, 0x0, 0x0, 0x0, 0x0, 0x0, 0x0, 0x0,
    0x0, 0x0, 0x0, 0x0, 0x0, 0x9, 0xff, 0xf0,
    0x0, 0x0, 0x0, 0x0, 0xe, 0xff, 0xf4, 0x0,
    0x0, 0x0, 0x0, 0x2f, 0xfe, 0xf8, 0x0, 0x0,
    0x0, 0x0, 0x7f, 0xe7, 0xfd, 0x0, 0x0, 0x0,
    0x0, 0xcf, 0x93, 0xff, 0x20, 0x0, 0x0, 0x1,
    0xff, 0x50, 0xef, 0x70, 0x0, 0x0, 0x5, 0xff,
    0x0, 0xaf, 0xb0, 0x0, 0x0, 0xa, 0xfc, 0x0,
    0x5f, 0xf0, 0x0, 0x0, 0xe, 0xf7, 0x0, 0x1f,
    0xf5, 0x0, 0x0, 0x3f, 0xf3, 0x0, 0xc, 0xf9,
    0x0, 0x0, 0x8f, 0xff, 0xff, 0xff, 0xfe, 0x0,
    0x0, 0xcf, 0xff, 0xff, 0xff, 0xff, 0x30, 0x1,
    0xff, 0x85, 0x55, 0x55, 0xff, 0x80, 0x6, 0xff,
    0x10, 0x0, 0x0, 0xbf, 0xc0, 0xb, 0xfd, 0x0,
    0x0, 0x0, 0x7f, 0xf1, 0xf, 0xf9, 0x0, 0x0,
    0x0, 0x3f, 0xf6, 0x4f, 0xf5, 0x0, 0x0, 0x0,
    0xe, 0xfa,

    /* U+00C2 "Â" */
    0x0, 0x0, 0x6, 0xff, 0xb0, 0x0, 0x0, 0x0,
    0x0, 0x1f, 0xeb, 0xf6, 0x0, 0x0, 0x0, 0x0,
    0xaf, 0x41, 0xee, 0x10, 0x0, 0x0, 0x1, 0x86,
    0x0, 0x38, 0x40, 0x0, 0x0, 0x0, 0x0, 0x0,
    0x0, 0x0, 0x0, 0x0, 0x0, 0x9, 0xff, 0xf0,
    0x0, 0x0, 0x0, 0x0, 0xe, 0xff, 0xf4, 0x0,
    0x0, 0x0, 0x0, 0x2f, 0xfe, 0xf8, 0x0, 0x0,
    0x0, 0x0, 0x7f, 0xe7, 0xfd, 0x0, 0x0, 0x0,
    0x0, 0xcf, 0x93, 0xff, 0x20, 0x0, 0x0, 0x1,
    0xff, 0x50, 0xef, 0x70, 0x0, 0x0, 0x5, 0xff,
    0x0, 0xaf, 0xb0, 0x0, 0x0, 0xa, 0xfc, 0x0,
    0x5f, 0xf0, 0x0, 0x0, 0xe, 0xf7, 0x0, 0x1f,
    0xf5, 0x0, 0x0, 0x3f, 0xf3, 0x0, 0xc, 0xf9,
    0x0, 0x0, 0x8f, 0xff, 0xff, 0xff, 0xfe, 0x0,
    0x0, 0xcf, 0xff, 0xff, 0xff, 0xff, 0x30, 0x1,
    0xff, 0x85, 0x55, 0x55, 0xff, 0x80, 0x6, 0xff,
    0x10, 0x0, 0x0, 0xbf, 0xc0, 0xb, 0xfd, 0x0,
    0x0, 0x0, 0x7f, 0xf1, 0xf, 0xf9, 0x0, 0x0,
    0x0, 0x3f, 0xf6, 0x4f, 0xf5, 0x0, 0x0, 0x0,
    0xe, 0xfa,

    /* U+00C3 "Ã" */
    0x0, 0x0, 0x27, 0x40, 0x6, 0xf0, 0x0, 0x0,
    0x2, 0xff, 0xfa, 0x1a, 0xc0, 0x0, 0x0, 0x7,
    0xe1, 0x5f, 0xff, 0x50, 0x0, 0x0, 0x4, 0x60,
    0x2, 0x64, 0x0, 0x0, 0x0, 0x0, 0x0, 0x0,
    0x0, 0x0, 0x0, 0x0, 0x0, 0x9, 0xff, 0xf0,
    0x0, 0x0, 0x0, 0x0, 0xe, 0xff, 0xf4, 0x0,
    0x0, 0x0, 0x0, 0x2f, 0xfe, 0xf8, 0x0, 0x0,
    0x0, 0x0, 0x7f, 0xe7, 0xfd, 0x0, 0x0, 0x0,
    0x0, 0xcf, 0x93, 0xff, 0x20, 0x0, 0x0, 0x1,
    0xff, 0x50, 0xef, 0x70, 0x0, 0x0, 0x5, 0xff,
    0x0, 0xaf, 0xb0, 0x0, 0x0, 0xa, 0xfc, 0x0,
    0x5f, 0xf0, 0x0, 0x0, 0xe, 0xf7, 0x0, 0x1f,
    0xf5, 0x0, 0x0, 0x3f, 0xf3, 0x0, 0xc, 0xf9,
    0x0, 0x0, 0x8f, 0xff, 0xff, 0xff, 0xfe, 0x0,
    0x0, 0xcf, 0xff, 0xff, 0xff, 0xff, 0x30, 0x1,
    0xff, 0x85, 0x55, 0x55, 0xff, 0x80, 0x6, 0xff,
    0x10, 0x0, 0x0, 0xbf, 0xc0, 0xb, 0xfd, 0x0,
    0x0, 0x0, 0x7f, 0xf1, 0xf, 0xf9, 0x0, 0x0,
    0x0, 0x3f, 0xf6, 0x4f, 0xf5, 0x0, 0x0, 0x0,
    0xe, 0xfa,

    /* U+00C4 "Ä" */
    0x0, 0x2, 0x88, 0x10, 0x68, 0x60, 0x0, 0x0,
    0x5, 0xff, 0x30, 0xdf, 0xb0, 0x0, 0x0, 0x5,
    0xff, 0x30, 0xdf, 0xb0, 0x0, 0x0, 0x0, 0x0,
    0x0, 0x0, 0x0, 0x0, 0x0, 0x0, 0x0, 0x0,
    0x0, 0x0, 0x0, 0x0, 0x0, 0x9, 0xff, 0xf0,
    0x0, 0x0, 0x0, 0x0, 0xe, 0xff, 0xf4, 0x0,
    0x0, 0x0, 0x0, 0x2f, 0xfe, 0xf8, 0x0, 0x0,
    0x0, 0x0, 0x7f, 0xe7, 0xfd, 0x0, 0x0, 0x0,
    0x0, 0xcf, 0x93, 0xff, 0x20, 0x0, 0x0, 0x1,
    0xff, 0x50, 0xef, 0x70, 0x0, 0x0, 0x5, 0xff,
    0x0, 0xaf, 0xb0, 0x0, 0x0, 0xa, 0xfc, 0x0,
    0x5f, 0xf0, 0x0, 0x0, 0xe, 0xf7, 0x0, 0x1f,
    0xf5, 0x0, 0x0, 0x3f, 0xf3, 0x0, 0xc, 0xf9,
    0x0, 0x0, 0x8f, 0xff, 0xff, 0xff, 0xfe, 0x0,
    0x0, 0xcf, 0xff, 0xff, 0xff, 0xff, 0x30, 0x1,
    0xff, 0x85, 0x55, 0x55, 0xff, 0x80, 0x6, 0xff,
    0x10, 0x0, 0x0, 0xbf, 0xc0, 0xb, 0xfd, 0x0,
    0x0, 0x0, 0x7f, 0xf1, 0xf, 0xf9, 0x0, 0x0,
    0x0, 0x3f, 0xf6, 0x4f, 0xf5, 0x0, 0x0, 0x0,
    0xe, 0xfa,

    /* U+00C5 "Å" */
    0x0, 0x0, 0x0, 0x0, 0x0, 0x0, 0x0, 0x0,
    0x0, 0x5, 0xef, 0xa0, 0x0, 0x0, 0x0, 0x0,
    0xf, 0x95, 0xf5, 0x0, 0x0, 0x0, 0x0, 0xf,
    0x72, 0xe6, 0x0, 0x0, 0x0, 0x0, 0x7, 0xff,
    0xc0, 0x0, 0x0, 0x0, 0x0, 0x0, 0x12, 0x0,
    0x0, 0x0, 0x0, 0x0, 0x9, 0xff, 0xf0, 0x0,
    0x0, 0x0, 0x0, 0xe, 0xff, 0xf4, 0x0, 0x0,
    0x0, 0x0, 0x2f, 0xfe, 0xf8, 0x0, 0x0, 0x0,
    0x0, 0x7f, 0xe7, 0xfd, 0x0, 0x0, 0x0, 0x0,
    0xcf, 0x93, 0xff, 0x20, 0x0, 0x0, 0x1, 0xff,
    0x50, 0xef, 0x70, 0x0, 0x0, 0x5, 0xff, 0x0,
    0xaf, 0xb0, 0x0, 0x0, 0xa, 0xfc, 0x0, 0x5f,
    0xf0, 0x0, 0x0, 0xe, 0xf7, 0x0, 0x1f, 0xf5,
    0x0, 0x0, 0x3f, 0xf3, 0x0, 0xc, 0xf9, 0x0,
    0x0, 0x8f, 0xff, 0xff, 0xff, 0xfe, 0x0, 0x0,
    0xcf, 0xff, 0xff, 0xff, 0xff, 0x30, 0x1, 0xff,
    0x85, 0x55, 0x55, 0xff, 0x80, 0x6, 0xff, 0x10,
    0x0, 0x0, 0xbf, 0xc0, 0xb, 0xfd, 0x0, 0x0,
    0x0, 0x7f, 0xf1, 0xf, 0xf9, 0x0, 0x0, 0x0,
    0x3f, 0xf6, 0x4f, 0xf5, 0x0, 0x0, 0x0, 0xe,
    0xfa,

    /* U+00C6 "Æ" */
    0x0, 0x0, 0xe, 0xff, 0xff, 0xff, 0xfc, 0x0,
    0x0, 0x3f, 0xff, 0xff, 0xff, 0xfc, 0x0, 0x0,
    0x8f, 0xfb, 0xff, 0x55, 0x54, 0x0, 0x0, 0xcf,
    0xb8, 0xff, 0x0, 0x0, 0x0, 0x1, 0xff, 0x78,
    0xff, 0x0, 0x0, 0x0, 0x6, 0xff, 0x28, 0xff,
    0x0, 0x0, 0x0, 0xa, 0xfd, 0x8, 0xff, 0x0,
    0x0, 0x0, 0xf, 0xf8, 0x8, 0xff, 0xff, 0xf8,
    0x0, 0x4f, 0xf3, 0x8, 0xff, 0xff, 0xf8, 0x0,
    0x9f, 0xe0, 0x8, 0xff, 0x44, 0x42, 0x0, 0xdf,
    0xff, 0xff, 0xff, 0x0, 0x0, 0x2, 0xff, 0xff,
    0xff, 0xff, 0x0, 0x0, 0x7, 0xff, 0x55, 0x5a,
    0xff, 0x0, 0x0, 0xc, 0xfc, 0x0, 0x8, 0xff,
    0x0, 0x0, 0xf, 0xf8, 0x0, 0x8, 0xff, 0x55,
    0x55, 0x5f, 0xf3, 0x0, 0x8, 0xff, 0xff, 0xff,
    0xaf, 0xf0, 0x0, 0x8, 0xff, 0xff, 0xff,

    /* U+00C7 "Ç" */
    0x0, 0x0, 0x6c, 0xff, 0xd8, 0x10, 0x0, 0x0,
    0xa, 0xff, 0xff, 0xff, 0xe3, 0x0, 0x0, 0x9f,
    0xfd, 0x76, 0xaf, 0xfe, 0x10, 0x2, 0xff, 0xc0,
    0x0, 0x6, 0xff, 0x90, 0x8, 0xff, 0x30, 0x0,
    0x0, 0xcf, 0xf0, 0xc, 0xfd, 0x0, 0x0, 0x0,
    0x5b, 0xb2, 0xf, 0xfa, 0x0, 0x0, 0x0, 0x0,
    0x0, 0x1f, 0xf8, 0x0, 0x0, 0x0, 0x0, 0x0,
    0x1f, 0xf7, 0x0, 0x0, 0x0, 0x0, 0x0, 0x1f,
    0xf8, 0x0, 0x0, 0x0, 0x0, 0x0, 0xf, 0xfa,
    0x0, 0x0, 0x0, 0x0, 0x0, 0xc, 0xfd, 0x0,
    0x0, 0x0, 0x5f, 0xf4, 0x8, 0xff, 0x20, 0x0,
    0x0, 0xbf, 0xf0, 0x2, 0xff, 0xc0, 0x0, 0x5,
    0xff, 0xa0, 0x0, 0x9f, 0xfd, 0x66, 0x9f, 0xff,
    0x20, 0x0, 0xa, 0xff, 0xff, 0xff, 0xf4, 0x0,
    0x0, 0x0, 0x6c, 0xff, 0xf9, 0x10, 0x0, 0x0,
    0x0, 0x0, 0xbf, 0x60, 0x0, 0x0, 0x0, 0x0,
    0x0, 0x6c, 0xfc, 0x0, 0x0, 0x0, 0x0, 0x0,
    0x0, 0x9f, 0x10, 0x0, 0x0, 0x0, 0x5f, 0x62,
    0xbf, 0x0, 0x0, 0x0, 0x0, 0xc, 0xff, 0xf6,
    0x0, 0x0, 0x0, 0x0, 0x0, 0x34, 0x10, 0x0,
    0x0,

    /* U+00C8 "È" */
    0x0, 0x2f, 0xf6, 0x0, 0x0, 0x0, 0x0, 0x7f,
    0xe0, 0x0, 0x0, 0x0, 0x0, 0xcf, 0x60, 0x0,
    0x0, 0x0, 0x1, 0x32, 0x0, 0x0, 0x0, 0x0,
    0x0, 0x0, 0x0, 0xe, 0xff, 0xff, 0xff, 0xff,
    0xf9, 0xef, 0xff, 0xff, 0xff, 0xff, 0x9e, 0xfc,
    0x55, 0x55, 0x55, 0x53, 0xef, 0xa0, 0x0, 0x0,
    0x0, 0xe, 0xfa, 0x0, 0x0, 0x0, 0x0, 0xef,
    0xa0, 0x0, 0x0, 0x0, 0xe, 0xfa, 0x0, 0x0,
    0x0, 0x0, 0xef, 0xff, 0xff, 0xff, 0xff, 0x4e,
    0xff, 0xff, 0xff, 0xff, 0xf4, 0xef, 0xb4, 0x44,
    0x44, 0x44, 0x1e, 0xfa, 0x0, 0x0, 0x0, 0x0,
    0xef, 0xa0, 0x0, 0x0, 0x0, 0xe, 0xfa, 0x0,
    0x0, 0x0, 0x0, 0xef, 0xa0, 0x0, 0x0, 0x0,
    0xe, 0xfc, 0x55, 0x55, 0x55, 0x54, 0xef, 0xff,
    0xff, 0xff, 0xff, 0xce, 0xff, 0xff, 0xff, 0xff,
    0xfc,

    /* U+00C9 "É" */
    0x0, 0x0, 0x2, 0xff, 0x60, 0x0, 0x0, 0x0,
    0xaf, 0xb0, 0x0, 0x0, 0x0, 0x2f, 0xe1, 0x0,
    0x0, 0x0, 0x1, 0x32, 0x0, 0x0, 0x0, 0x0,
    0x0, 0x0, 0x0, 0xe, 0xff, 0xff, 0xff, 0xff,
    0xf9, 0xef, 0xff, 0xff, 0xff, 0xff, 0x9e, 0xfc,
    0x55, 0x55, 0x55, 0x53, 0xef, 0xa0, 0x0, 0x0,
    0x0, 0xe, 0xfa, 0x0, 0x0, 0x0, 0x0, 0xef,
    0xa0, 0x0, 0x0, 0x0, 0xe, 0xfa, 0x0, 0x0,
    0x0, 0x0, 0xef, 0xff, 0xff, 0xff, 0xff, 0x4e,
    0xff, 0xff, 0xff, 0xff, 0xf4, 0xef, 0xb4, 0x44,
    0x44, 0x44, 0x1e, 0xfa, 0x0, 0x0, 0x0, 0x0,
    0xef, 0xa0, 0x0, 0x0, 0x0, 0xe, 0xfa, 0x0,
    0x0, 0x0, 0x0, 0xef, 0xa0, 0x0, 0x0, 0x0,
    0xe, 0xfc, 0x55, 0x55, 0x55, 0x54, 0xef, 0xff,
    0xff, 0xff, 0xff, 0xce, 0xff, 0xff, 0xff, 0xff,
    0xfc,

    /* U+00CA "Ê" */
    0x0, 0x1, 0xef, 0xf2, 0x0, 0x0, 0x0, 0xaf,
    0x9f, 0xc0, 0x0, 0x0, 0x4f, 0xa0, 0x9f, 0x60,
    0x0, 0x6, 0x71, 0x0, 0x77, 0x0, 0x0, 0x0,
    0x0, 0x0, 0x0, 0xe, 0xff, 0xff, 0xff, 0xff,
    0xf9, 0xef, 0xff, 0xff, 0xff, 0xff, 0x9e, 0xfc,
    0x55, 0x55, 0x55, 0x53, 0xef, 0xa0, 0x0, 0x0,
    0x0, 0xe, 0xfa, 0x0, 0x0, 0x0, 0x0, 0xef,
    0xa0, 0x0, 0x0, 0x0, 0xe, 0xfa, 0x0, 0x0,
    0x0, 0x0, 0xef, 0xff, 0xff, 0xff, 0xff, 0x4e,
    0xff, 0xff, 0xff, 0xff, 0xf4, 0xef, 0xb4, 0x44,
    0x44, 0x44, 0x1e, 0xfa, 0x0, 0x0, 0x0, 0x0,
    0xef, 0xa0, 0x0, 0x0, 0x0, 0xe, 0xfa, 0x0,
    0x0, 0x0, 0x0, 0xef, 0xa0, 0x0, 0x0, 0x0,
    0xe, 0xfc, 0x55, 0x55, 0x55, 0x54, 0xef, 0xff,
    0xff, 0xff, 0xff, 0xce, 0xff, 0xff, 0xff, 0xff,
    0xfc,

    /* U+00CB "Ë" */
    0x0, 0x78, 0x50, 0x38, 0x80, 0x0, 0xf, 0xf9,
    0x7, 0xff, 0x10, 0x0, 0xff, 0x90, 0x7f, 0xf1,
    0x0, 0x0, 0x0, 0x0, 0x0, 0x0, 0x0, 0x0,
    0x0, 0x0, 0x0, 0xe, 0xff, 0xff, 0xff, 0xff,
    0xf9, 0xef, 0xff, 0xff, 0xff, 0xff, 0x9e, 0xfc,
    0x55, 0x55, 0x55, 0x53, 0xef, 0xa0, 0x0, 0x0,
    0x0, 0xe, 0xfa, 0x0, 0x0, 0x0, 0x0, 0xef,
    0xa0, 0x0, 0x0, 0x0, 0xe, 0xfa, 0x0, 0x0,
    0x0, 0x0, 0xef, 0xff, 0xff, 0xff, 0xff, 0x4e,
    0xff, 0xff, 0xff, 0xff, 0xf4, 0xef, 0xb4, 0x44,
    0x44, 0x44, 0x1e, 0xfa, 0x0, 0x0, 0x0, 0x0,
    0xef, 0xa0, 0x0, 0x0, 0x0, 0xe, 0xfa, 0x0,
    0x0, 0x0, 0x0, 0xef, 0xa0, 0x0, 0x0, 0x0,
    0xe, 0xfc, 0x55, 0x55, 0x55, 0x54, 0xef, 0xff,
    0xff, 0xff, 0xff, 0xce, 0xff, 0xff, 0xff, 0xff,
    0xfc,

    /* U+00CC "Ì" */
    0x0, 0x8, 0xff, 0x10, 0x0, 0x0, 0x0, 0x0,
    0xdf, 0x80, 0x0, 0x0, 0x0, 0x0, 0x3f, 0xf1,
    0x0, 0x0, 0x0, 0x0, 0x2, 0x31, 0x0, 0x0,
    0x0, 0x0, 0x0, 0x0, 0x0, 0x0, 0x2f, 0xff,
    0xff, 0xff, 0xff, 0xf8, 0x2f, 0xff, 0xff, 0xff,
    0xff, 0xf8, 0x5, 0x55, 0x6f, 0xfa, 0x55, 0x53,
    0x0, 0x0, 0xf, 0xf7, 0x0, 0x0, 0x0, 0x0,
    0xf, 0xf7, 0x0, 0x0, 0x0, 0x0, 0xf, 0xf7,
    0x0, 0x0, 0x0, 0x0, 0xf, 0xf7, 0x0, 0x0,
    0x0, 0x0, 0xf, 0xf7, 0x0, 0x0, 0x0, 0x0,
    0xf, 0xf7, 0x0, 0x0, 0x0, 0x0, 0xf, 0xf7,
    0x0, 0x0, 0x0, 0x0, 0xf, 0xf7, 0x0, 0x0,
    0x0, 0x0, 0xf, 0xf7, 0x0, 0x0, 0x0, 0x0,
    0xf, 0xf7, 0x0, 0x0, 0x0, 0x0, 0xf, 0xf7,
    0x0, 0x0, 0x5, 0x55, 0x6f, 0xfa, 0x55, 0x53,
    0x2f, 0xff, 0xff, 0xff, 0xff, 0xf8, 0x2f, 0xff,
    0xff, 0xff, 0xff, 0xf8,

    /* U+00CD "Í" */
    0x0, 0x0, 0x0, 0x8f, 0xe1, 0x0, 0x0, 0x0,
    0x1, 0xff, 0x50, 0x0, 0x0, 0x0, 0x8, 0xfa,
    0x0, 0x0, 0x0, 0x0, 0x2, 0x30, 0x0, 0x0,
    0x0, 0x0, 0x0, 0x0, 0x0, 0x0, 0x2f, 0xff,
    0xff, 0xff, 0xff, 0xf8, 0x2f, 0xff, 0xff, 0xff,
    0xff, 0xf8, 0x5, 0x55, 0x6f, 0xfa, 0x55, 0x53,
    0x0, 0x0, 0xf, 0xf7, 0x0, 0x0, 0x0, 0x0,
    0xf, 0xf7, 0x0, 0x0, 0x0, 0x0, 0xf, 0xf7,
    0x0, 0x0, 0x0, 0x0, 0xf, 0xf7, 0x0, 0x0,
    0x0, 0x0, 0xf, 0xf7, 0x0, 0x0, 0x0, 0x0,
    0xf, 0xf7, 0x0, 0x0, 0x0, 0x0, 0xf, 0xf7,
    0x0, 0x0, 0x0, 0x0, 0xf, 0xf7, 0x0, 0x0,
    0x0, 0x0, 0xf, 0xf7, 0x0, 0x0, 0x0, 0x0,
    0xf, 0xf7, 0x0, 0x0, 0x0, 0x0, 0xf, 0xf7,
    0x0, 0x0, 0x5, 0x55, 0x6f, 0xfa, 0x55, 0x53,
    0x2f, 0xff, 0xff, 0xff, 0xff, 0xf8, 0x2f, 0xff,
    0xff, 0xff, 0xff, 0xf8,

    /* U+00CE "Î" */
    0x0, 0x0, 0x6f, 0xfb, 0x0, 0x0, 0x0, 0x1,
    0xfe, 0xbf, 0x60, 0x0, 0x0, 0xa, 0xf4, 0x1e,
    0xe1, 0x0, 0x0, 0x18, 0x60, 0x3, 0x84, 0x0,
    0x0, 0x0, 0x0, 0x0, 0x0, 0x0, 0x2f, 0xff,
    0xff, 0xff, 0xff, 0xf8, 0x2f, 0xff, 0xff, 0xff,
    0xff, 0xf8, 0x5, 0x55, 0x6f, 0xfa, 0x55, 0x53,
    0x0, 0x0, 0xf, 0xf7, 0x0, 0x0, 0x0, 0x0,
    0xf, 0xf7, 0x0, 0x0, 0x0, 0x0, 0xf, 0xf7,
    0x0, 0x0, 0x0, 0x0, 0xf, 0xf7, 0x0, 0x0,
    0x0, 0x0, 0xf, 0xf7, 0x0, 0x0, 0x0, 0x0,
    0xf, 0xf7, 0x0, 0x0, 0x0, 0x0, 0xf, 0xf7,
    0x0, 0x0, 0x0, 0x0, 0xf, 0xf7, 0x0, 0x0,
    0x0, 0x0, 0xf, 0xf7, 0x0, 0x0, 0x0, 0x0,
    0xf, 0xf7, 0x0, 0x0, 0x0, 0x0, 0xf, 0xf7,
    0x0, 0x0, 0x5, 0x55, 0x6f, 0xfa, 0x55, 0x53,
    0x2f, 0xff, 0xff, 0xff, 0xff, 0xf8, 0x2f, 0xff,
    0xff, 0xff, 0xff, 0xf8,

    /* U+00CF "Ï" */
    0x0, 0x28, 0x81, 0x6, 0x86, 0x0, 0x0, 0x5f,
    0xf3, 0xd, 0xfb, 0x0, 0x0, 0x5f, 0xf3, 0xd,
    0xfb, 0x0, 0x0, 0x0, 0x0, 0x0, 0x0, 0x0,
    0x0, 0x0, 0x0, 0x0, 0x0, 0x0, 0x2f, 0xff,
    0xff, 0xff, 0xff, 0xf8, 0x2f, 0xff, 0xff, 0xff,
    0xff, 0xf8, 0x5, 0x55, 0x6f, 0xfa, 0x55, 0x53,
    0x0, 0x0, 0xf, 0xf7, 0x0, 0x0, 0x0, 0x0,
    0xf, 0xf7, 0x0, 0x0, 0x0, 0x0, 0xf, 0xf7,
    0x0, 0x0, 0x0, 0x0, 0xf, 0xf7, 0x0, 0x0,
    0x0, 0x0, 0xf, 0xf7, 0x0, 0x0, 0x0, 0x0,
    0xf, 0xf7, 0x0, 0x0, 0x0, 0x0, 0xf, 0xf7,
    0x0, 0x0, 0x0, 0x0, 0xf, 0xf7, 0x0, 0x0,
    0x0, 0x0, 0xf, 0xf7, 0x0, 0x0, 0x0, 0x0,
    0xf, 0xf7, 0x0, 0x0, 0x0, 0x0, 0xf, 0xf7,
    0x0, 0x0, 0x5, 0x55, 0x6f, 0xfa, 0x55, 0x53,
    0x2f, 0xff, 0xff, 0xff, 0xff, 0xf8, 0x2f, 0xff,
    0xff, 0xff, 0xff, 0xf8,

    /* U+00D0 "Ð" */
    0x0, 0xff, 0xff, 0xfd, 0xa3, 0x0, 0x0, 0x0,
    0xff, 0xff, 0xff, 0xff, 0xa0, 0x0, 0x0, 0xff,
    0xb5, 0x69, 0xef, 0xfb, 0x0, 0x0, 0xff, 0x80,
    0x0, 0xb, 0xff, 0x50, 0x0, 0xff, 0x80, 0x0,
    0x1, 0xef, 0xd0, 0x0, 0xff, 0x80, 0x0, 0x0,
    0x8f, 0xf2, 0x0, 0xff, 0x80, 0x0, 0x0, 0x4f,
    0xf5, 0x12, 0xff, 0xa2, 0x22, 0x0, 0x2f, 0xf6,
    0x9f, 0xff, 0xff, 0xff, 0x40, 0x1f, 0xf8, 0x9f,
    0xff, 0xff, 0xff, 0x40, 0x2f, 0xf7, 0x0, 0xff,
    0x80, 0x0, 0x0, 0x4f, 0xf5, 0x0, 0xff, 0x80,
    0x0, 0x0, 0x8f, 0xf2, 0x0, 0xff, 0x80, 0x0,
    0x0, 0xef, 0xd0, 0x0, 0xff, 0x80, 0x0, 0xb,
    0xff, 0x60, 0x0, 0xff, 0xb5, 0x68, 0xef, 0xfb,
    0x0, 0x0, 0xff, 0xff, 0xff, 0xff, 0xa0, 0x0,
    0x0, 0xff, 0xff, 0xfd, 0xa4, 0x0, 0x0,

    /* U+00D1 "Ñ" */
    0x0, 0x2, 0x74, 0x0, 0x6f, 0x0, 0x0, 0x2f,
    0xff, 0xa1, 0xac, 0x0, 0x0, 0x7e, 0x15, 0xff,
    0xf5, 0x0, 0x0, 0x46, 0x0, 0x26, 0x40, 0x0,
    0x0, 0x0, 0x0, 0x0, 0x0, 0x0, 0x6f, 0xfe,
    0x0, 0x0, 0xb, 0xfc, 0x6f, 0xff, 0x50, 0x0,
    0xb, 0xfc, 0x6f, 0xff, 0xb0, 0x0, 0xb, 0xfc,
    0x6f, 0xff, 0xf2, 0x0, 0xb, 0xfc, 0x6f, 0xf9,
    0xf9, 0x0, 0xb, 0xfc, 0x6f, 0xf3, 0xff, 0x0,
    0xb, 0xfc, 0x6f, 0xf1, 0xaf, 0x60, 0xb, 0xfc,
    0x6f, 0xf1, 0x4f, 0xd0, 0xb, 0xfc, 0x6f, 0xf1,
    0xd, 0xf3, 0xb, 0xfc, 0x6f, 0xf1, 0x6, 0xfa,
    0xb, 0xfc, 0x6f, 0xf1, 0x0, 0xff, 0x1b, 0xfc,
    0x6f, 0xf1, 0x0, 0x9f, 0x7b, 0xfc, 0x6f, 0xf1,
    0x0, 0x2f, 0xeb, 0xfc, 0x6f, 0xf1, 0x0, 0xc,
    0xff, 0xfc, 0x6f, 0xf1, 0x0, 0x5, 0xff, 0xfc,
    0x6f, 0xf1, 0x0, 0x0, 0xef, 0xfc, 0x6f, 0xf1,
    0x0, 0x0, 0x8f, 0xfc,

    /* U+00D2 "Ò" */
    0x0, 0x0, 0x8f, 0xf1, 0x0, 0x0, 0x0, 0x0,
    0x0, 0xd, 0xf8, 0x0, 0x0, 0x0, 0x0, 0x0,
    0x3, 0xff, 0x10, 0x0, 0x0, 0x0, 0x0, 0x0,
    0x23, 0x10, 0x0, 0x0, 0x0, 0x0, 0x0, 0x0,
    0x0, 0x0, 0x0, 0x0, 0x0, 0x6c, 0xef, 0xd9,
    0x10, 0x0, 0x0, 0xc, 0xff, 0xff, 0xff, 0xf3,
    0x0, 0x0, 0xaf, 0xfd, 0x76, 0xaf, 0xff, 0x10,
    0x3, 0xff, 0xb0, 0x0, 0x6, 0xff, 0x90, 0x9,
    0xff, 0x20, 0x0, 0x0, 0xcf, 0xf0, 0xd, 0xfd,
    0x0, 0x0, 0x0, 0x6f, 0xf3, 0xf, 0xfa, 0x0,
    0x0, 0x0, 0x3f, 0xf6, 0x1f, 0xf8, 0x0, 0x0,
    0x0, 0x1f, 0xf7, 0x2f, 0xf7, 0x0, 0x0, 0x0,
    0x1f, 0xf8, 0x1f, 0xf8, 0x0, 0x0, 0x0, 0x1f,
    0xf7, 0xf, 0xf9, 0x0, 0x0, 0x0, 0x3f, 0xf6,
    0xd, 0xfc, 0x0, 0x0, 0x0, 0x6f, 0xf3, 0x9,
    0xff, 0x20, 0x0, 0x0, 0xcf, 0xf0, 0x3, 0xff,
    0xb0, 0x0, 0x5, 0xff, 0x90, 0x0, 0xaf, 0xfc,
    0x65, 0x9f, 0xff, 0x10, 0x0, 0xc, 0xff, 0xff,
    0xff, 0xf4, 0x0, 0x0, 0x0, 0x6c, 0xef, 0xd9,
    0x10, 0x0,

    /* U+00D3 "Ó" */
    0x0, 0x0, 0x0, 0x8, 0xfe, 0x10, 0x0, 0x0,
    0x0, 0x0, 0x1f, 0xf5, 0x0, 0x0, 0x0, 0x0,
    0x0, 0x8f, 0xa0, 0x0, 0x0, 0x0, 0x0, 0x0,
    0x23, 0x0, 0x0, 0x0, 0x0, 0x0, 0x0, 0x0,
    0x0, 0x0, 0x0, 0x0, 0x0, 0x6c, 0xef, 0xd9,
    0x10, 0x0, 0x0, 0xc, 0xff, 0xff, 0xff, 0xf3,
    0x0, 0x0, 0xaf, 0xfd, 0x76, 0xaf, 0xff, 0x10,
    0x3, 0xff, 0xb0, 0x0, 0x6, 0xff, 0x90, 0x9,
    0xff, 0x20, 0x0, 0x0, 0xcf, 0xf0, 0xd, 0xfd,
    0x0, 0x0, 0x0, 0x6f, 0xf3, 0xf, 0xfa, 0x0,
    0x0, 0x0, 0x3f, 0xf6, 0x1f, 0xf8, 0x0, 0x0,
    0x0, 0x1f, 0xf7, 0x2f, 0xf7, 0x0, 0x0, 0x0,
    0x1f, 0xf8, 0x1f, 0xf8, 0x0, 0x0, 0x0, 0x1f,
    0xf7, 0xf, 0xf9, 0x0, 0x0, 0x0, 0x3f, 0xf6,
    0xd, 0xfc, 0x0, 0x0, 0x0, 0x6f, 0xf3, 0x9,
    0xff, 0x20, 0x0, 0x0, 0xcf, 0xf0, 0x3, 0xff,
    0xb0, 0x0, 0x5, 0xff, 0x90, 0x0, 0xaf, 0xfc,
    0x65, 0x9f, 0xff, 0x10, 0x0, 0xc, 0xff, 0xff,
    0xff, 0xf4, 0x0, 0x0, 0x0, 0x6c, 0xef, 0xd9,
    0x10, 0x0,

    /* U+00D4 "Ô" */
    0x0, 0x0, 0x7, 0xff, 0xc0, 0x0, 0x0, 0x0,
    0x0, 0x3f, 0xc8, 0xf8, 0x0, 0x0, 0x0, 0x1,
    0xee, 0x10, 0xaf, 0x50, 0x0, 0x0, 0x0, 0x0,
    0x0, 0x0, 0x0, 0x0, 0x0, 0x0, 0x0, 0x0,
    0x0, 0x0, 0x0, 0x0, 0x0, 0x6c, 0xef, 0xd9,
    0x10, 0x0, 0x0, 0xc, 0xff, 0xff, 0xff, 0xf3,
    0x0, 0x0, 0xaf, 0xfd, 0x76, 0xaf, 0xff, 0x10,
    0x3, 0xff, 0xb0, 0x0, 0x6, 0xff, 0x90, 0x9,
    0xff, 0x20, 0x0, 0x0, 0xcf, 0xf0, 0xd, 0xfd,
    0x0, 0x0, 0x0, 0x6f, 0xf3, 0xf, 0xfa, 0x0,
    0x0, 0x0, 0x3f, 0xf6, 0x1f, 0xf8, 0x0, 0x0,
    0x0, 0x1f, 0xf7, 0x2f, 0xf7, 0x0, 0x0, 0x0,
    0x1f, 0xf8, 0x1f, 0xf8, 0x0, 0x0, 0x0, 0x1f,
    0xf7, 0xf, 0xf9, 0x0, 0x0, 0x0, 0x3f, 0xf6,
    0xd, 0xfc, 0x0, 0x0, 0x0, 0x6f, 0xf3, 0x9,
    0xff, 0x20, 0x0, 0x0, 0xcf, 0xf0, 0x3, 0xff,
    0xb0, 0x0, 0x5, 0xff, 0x90, 0x0, 0xaf, 0xfc,
    0x65, 0x9f, 0xff, 0x10, 0x0, 0xc, 0xff, 0xff,
    0xff, 0xf4, 0x0, 0x0, 0x0, 0x6c, 0xef, 0xd9,
    0x10, 0x0,

    /* U+00D5 "Õ" */
    0x0, 0x0, 0x9f, 0xc3, 0x6, 0xf0, 0x0, 0x0,
    0x5, 0xf9, 0xcf, 0x9e, 0xb0, 0x0, 0x0, 0x9,
    0xc0, 0x9, 0xec, 0x20, 0x0, 0x0, 0x0, 0x0,
    0x0, 0x0, 0x0, 0x0, 0x0, 0x0, 0x0, 0x0,
    0x0, 0x0, 0x0, 0x0, 0x0, 0x6c, 0xef, 0xd9,
    0x10, 0x0, 0x0, 0xc, 0xff, 0xff, 0xff, 0xf3,
    0x0, 0x0, 0xaf, 0xfd, 0x76, 0xaf, 0xff, 0x10,
    0x3, 0xff, 0xb0, 0x0, 0x6, 0xff, 0x90, 0x9,
    0xff, 0x20, 0x0, 0x0, 0xcf, 0xf0, 0xd, 0xfd,
    0x0, 0x0, 0x0, 0x6f, 0xf3, 0xf, 0xfa, 0x0,
    0x0, 0x0, 0x3f, 0xf6, 0x1f, 0xf8, 0x0, 0x0,
    0x0, 0x1f, 0xf7, 0x2f, 0xf7, 0x0, 0x0, 0x0,
    0x1f, 0xf8, 0x1f, 0xf8, 0x0, 0x0, 0x0, 0x1f,
    0xf7, 0xf, 0xf9, 0x0, 0x0, 0x0, 0x3f, 0xf6,
    0xd, 0xfc, 0x0, 0x0, 0x0, 0x6f, 0xf3, 0x9,
    0xff, 0x20, 0x0, 0x0, 0xcf, 0xf0, 0x3, 0xff,
    0xb0, 0x0, 0x5, 0xff, 0x90, 0x0, 0xaf, 0xfc,
    0x65, 0x9f, 0xff, 0x10, 0x0, 0xc, 0xff, 0xff,
    0xff, 0xf4, 0x0, 0x0, 0x0, 0x6c, 0xef, 0xd9,
    0x10, 0x0,

    /* U+00D6 "Ö" */
    0x0, 0x2, 0x88, 0x10, 0x68, 0x60, 0x0, 0x0,
    0x5, 0xff, 0x30, 0xdf, 0xb0, 0x0, 0x0, 0x5,
    0xff, 0x30, 0xdf, 0xb0, 0x0, 0x0, 0x0, 0x0,
    0x0, 0x0, 0x0, 0x0, 0x0, 0x0, 0x0, 0x0,
    0x0, 0x0, 0x0, 0x0, 0x0, 0x6c, 0xef, 0xd9,
    0x10, 0x0, 0x0, 0xc, 0xff, 0xff, 0xff, 0xf3,
    0x0, 0x0, 0xaf, 0xfd, 0x76, 0xaf, 0xff, 0x10,
    0x3, 0xff, 0xb0, 0x0, 0x6, 0xff, 0x90, 0x9,
    0xff, 0x20, 0x0, 0x0, 0xcf, 0xf0, 0xd, 0xfd,
    0x0, 0x0, 0x0, 0x6f, 0xf3, 0xf, 0xfa, 0x0,
    0x0, 0x0, 0x3f, 0xf6, 0x1f, 0xf8, 0x0, 0x0,
    0x0, 0x1f, 0xf7, 0x2f, 0xf7, 0x0, 0x0, 0x0,
    0x1f, 0xf8, 0x1f, 0xf8, 0x0, 0x0, 0x0, 0x1f,
    0xf7, 0xf, 0xf9, 0x0, 0x0, 0x0, 0x3f, 0xf6,
    0xd, 0xfc, 0x0, 0x0, 0x0, 0x6f, 0xf3, 0x9,
    0xff, 0x20, 0x0, 0x0, 0xcf, 0xf0, 0x3, 0xff,
    0xb0, 0x0, 0x5, 0xff, 0x90, 0x0, 0xaf, 0xfc,
    0x65, 0x9f, 0xff, 0x10, 0x0, 0xc, 0xff, 0xff,
    0xff, 0xf4, 0x0, 0x0, 0x0, 0x6c, 0xef, 0xd9,
    0x10, 0x0,

    /* U+00D7 "×" */
    0x0, 0x0, 0x0, 0x0, 0x0, 0x0, 0x3, 0xe4,
    0x0, 0x0, 0xc, 0x80, 0xc, 0xff, 0x40, 0x0,
    0xcf, 0xf2, 0x1, 0xdf, 0xf4, 0xc, 0xff, 0x50,
    0x0, 0x1d, 0xff, 0xdf, 0xf5, 0x0, 0x0, 0x1,
    0xdf, 0xff, 0x50, 0x0, 0x0, 0x0, 0xcf, 0xff,
    0x40, 0x0, 0x0, 0xc, 0xff, 0xdf, 0xf4, 0x0,
    0x0, 0xcf, 0xf4, 0x1c, 0xff, 0x40, 0xb, 0xff,
    0x40, 0x1, 0xcf, 0xf2, 0x3, 0xe4, 0x0, 0x0,
    0x1c, 0x80, 0x0, 0x0, 0x0, 0x0, 0x0, 0x0,

    /* U+00D8 "Ø" */
    0x0, 0x0, 0x6c, 0xef, 0xd9, 0x3e, 0xf3, 0x0,
    0xc, 0xff, 0xff, 0xff, 0xff, 0x90, 0x0, 0xaf,
    0xfd, 0x76, 0xaf, 0xff, 0x20, 0x3, 0xff, 0xb0,
    0x0, 0xf, 0xff, 0x90, 0x9, 0xff, 0x20, 0x0,
    0x7f, 0xff, 0xf0, 0xd, 0xfd, 0x0, 0x1, 0xff,
    0x9f, 0xf3, 0xf, 0xfa, 0x0, 0xb, 0xf8, 0x3f,
    0xf6, 0x1f, 0xf8, 0x0, 0x4f, 0xe0, 0x1f, 0xf7,
    0x2f, 0xf7, 0x0, 0xef, 0x40, 0x1f, 0xf8, 0x1f,
    0xf8, 0x8, 0xfb, 0x0, 0x1f, 0xf7, 0xf, 0xf9,
    0x2f, 0xf2, 0x0, 0x3f, 0xf6, 0xd, 0xfc, 0xcf,
    0x70, 0x0, 0x6f, 0xf3, 0x9, 0xff, 0xfd, 0x0,
    0x0, 0xcf, 0xf0, 0x3, 0xff, 0xf4, 0x0, 0x5,
    0xff, 0x90, 0x0, 0xff, 0xfc, 0x65, 0x9f, 0xff,
    0x10, 0x3, 0xff, 0xff, 0xff, 0xff, 0xf4, 0x0,
    0xd, 0xf6, 0x6c, 0xef, 0xd9, 0x10, 0x0,

    /* U+00D9 "Ù" */
    0x0, 0x8, 0xff, 0x10, 0x0, 0x0, 0x0, 0x0,
    0xd, 0xf8, 0x0, 0x0, 0x0, 0x0, 0x0, 0x3f,
    0xf1, 0x0, 0x0, 0x0, 0x0, 0x0, 0x23, 0x10,
    0x0, 0x0, 0x0, 0x0, 0x0, 0x0, 0x0, 0x0,
    0x9, 0xfe, 0x0, 0x0, 0x0, 0x8f, 0xf0, 0x9f,
    0xe0, 0x0, 0x0, 0x8, 0xff, 0x9, 0xfe, 0x0,
    0x0, 0x0, 0x8f, 0xf0, 0x9f, 0xe0, 0x0, 0x0,
    0x8, 0xff, 0x9, 0xfe, 0x0, 0x0, 0x0, 0x8f,
    0xf0, 0x9f, 0xe0, 0x0, 0x0, 0x8, 0xff, 0x9,
    0xfe, 0x0, 0x0, 0x0, 0x8f, 0xf0, 0x9f, 0xe0,
    0x0, 0x0, 0x8, 0xff, 0x9, 0xfe, 0x0, 0x0,
    0x0, 0x8f, 0xf0, 0x9f, 0xe0, 0x0, 0x0, 0x8,
    0xff, 0x9, 0xfe, 0x0, 0x0, 0x0, 0x8f, 0xf0,
    0x9f, 0xf0, 0x0, 0x0, 0x9, 0xff, 0x7, 0xff,
    0x20, 0x0, 0x0, 0xcf, 0xd0, 0x2f, 0xfa, 0x0,
    0x0, 0x4f, 0xf9, 0x0, 0xbf, 0xfc, 0x76, 0x9f,
    0xff, 0x20, 0x1, 0xcf, 0xff, 0xff, 0xff, 0x40,
    0x0, 0x0, 0x7c, 0xff, 0xd9, 0x20, 0x0,

    /* U+00DA "Ú" */
    0x0, 0x0, 0x0, 0x8f, 0xe1, 0x0, 0x0, 0x0,
    0x0, 0x1f, 0xf5, 0x0, 0x0, 0x0, 0x0, 0x8,
    0xfa, 0x0, 0x0, 0x0, 0x0, 0x0, 0x23, 0x0,
    0x0, 0x0, 0x0, 0x0, 0x0, 0x0, 0x0, 0x0,
    0x9, 0xfe, 0x0, 0x0, 0x0, 0x8f, 0xf0, 0x9f,
    0xe0, 0x0, 0x0, 0x8, 0xff, 0x9, 0xfe, 0x0,
    0x0, 0x0, 0x8f, 0xf0, 0x9f, 0xe0, 0x0, 0x0,
    0x8, 0xff, 0x9, 0xfe, 0x0, 0x0, 0x0, 0x8f,
    0xf0, 0x9f, 0xe0, 0x0, 0x0, 0x8, 0xff, 0x9,
    0xfe, 0x0, 0x0, 0x0, 0x8f, 0xf0, 0x9f, 0xe0,
    0x0, 0x0, 0x8, 0xff, 0x9, 0xfe, 0x0, 0x0,
    0x0, 0x8f, 0xf0, 0x9f, 0xe0, 0x0, 0x0, 0x8,
    0xff, 0x9, 0xfe, 0x0, 0x0, 0x0, 0x8f, 0xf0,
    0x9f, 0xf0, 0x0, 0x0, 0x9, 0xff, 0x7, 0xff,
    0x20, 0x0, 0x0, 0xcf, 0xd0, 0x2f, 0xfa, 0x0,
    0x0, 0x4f, 0xf9, 0x0, 0xbf, 0xfc, 0x76, 0x9f,
    0xff, 0x20, 0x1, 0xcf, 0xff, 0xff, 0xff, 0x40,
    0x0, 0x0, 0x7c, 0xff, 0xd9, 0x20, 0x0,

    /* U+00DB "Û" */
    0x0, 0x0, 0x7f, 0xfc, 0x0, 0x0, 0x0, 0x0,
    0x3f, 0xc8, 0xf8, 0x0, 0x0, 0x0, 0x1e, 0xe1,
    0xa, 0xf5, 0x0, 0x0, 0x0, 0x0, 0x0, 0x0,
    0x0, 0x0, 0x0, 0x0, 0x0, 0x0, 0x0, 0x0,
    0x9, 0xfe, 0x0, 0x0, 0x0, 0x8f, 0xf0, 0x9f,
    0xe0, 0x0, 0x0, 0x8, 0xff, 0x9, 0xfe, 0x0,
    0x0, 0x0, 0x8f, 0xf0, 0x9f, 0xe0, 0x0, 0x0,
    0x8, 0xff, 0x9, 0xfe, 0x0, 0x0, 0x0, 0x8f,
    0xf0, 0x9f, 0xe0, 0x0, 0x0, 0x8, 0xff, 0x9,
    0xfe, 0x0, 0x0, 0x0, 0x8f, 0xf0, 0x9f, 0xe0,
    0x0, 0x0, 0x8, 0xff, 0x9, 0xfe, 0x0, 0x0,
    0x0, 0x8f, 0xf0, 0x9f, 0xe0, 0x0, 0x0, 0x8,
    0xff, 0x9, 0xfe, 0x0, 0x0, 0x0, 0x8f, 0xf0,
    0x9f, 0xf0, 0x0, 0x0, 0x9, 0xff, 0x7, 0xff,
    0x20, 0x0, 0x0, 0xcf, 0xd0, 0x2f, 0xfa, 0x0,
    0x0, 0x4f, 0xf9, 0x0, 0xbf, 0xfc, 0x76, 0x9f,
    0xff, 0x20, 0x1, 0xcf, 0xff, 0xff, 0xff, 0x40,
    0x0, 0x0, 0x7c, 0xff, 0xd9, 0x20, 0x0,

    /* U+00DC "Ü" */
    0x0, 0x28, 0x81, 0x6, 0x86, 0x0, 0x0, 0x5,
    0xff, 0x30, 0xdf, 0xb0, 0x0, 0x0, 0x5f, 0xf3,
    0xd, 0xfb, 0x0, 0x0, 0x0, 0x0, 0x0, 0x0,
    0x0, 0x0, 0x0, 0x0, 0x0, 0x0, 0x0, 0x0,
    0x9, 0xfe, 0x0, 0x0, 0x0, 0x8f, 0xf0, 0x9f,
    0xe0, 0x0, 0x0, 0x8, 0xff, 0x9, 0xfe, 0x0,
    0x0, 0x0, 0x8f, 0xf0, 0x9f, 0xe0, 0x0, 0x0,
    0x8, 0xff, 0x9, 0xfe, 0x0, 0x0, 0x0, 0x8f,
    0xf0, 0x9f, 0xe0, 0x0, 0x0, 0x8, 0xff, 0x9,
    0xfe, 0x0, 0x0, 0x0, 0x8f, 0xf0, 0x9f, 0xe0,
    0x0, 0x0, 0x8, 0xff, 0x9, 0xfe, 0x0, 0x0,
    0x0, 0x8f, 0xf0, 0x9f, 0xe0, 0x0, 0x0, 0x8,
    0xff, 0x9, 0xfe, 0x0, 0x0, 0x0, 0x8f, 0xf0,
    0x9f, 0xf0, 0x0, 0x0, 0x9, 0xff, 0x7, 0xff,
    0x20, 0x0, 0x0, 0xcf, 0xd0, 0x2f, 0xfa, 0x0,
    0x0, 0x4f, 0xf9, 0x0, 0xbf, 0xfc, 0x76, 0x9f,
    0xff, 0x20, 0x1, 0xcf, 0xff, 0xff, 0xff, 0x40,
    0x0, 0x0, 0x7c, 0xff, 0xd9, 0x20, 0x0,

    /* U+00DD "Ý" */
    0x0, 0x0, 0x0, 0x8, 0xfe, 0x10, 0x0, 0x0,
    0x0, 0x0, 0x1f, 0xf5, 0x0, 0x0, 0x0, 0x0,
    0x0, 0x8f, 0xa0, 0x0, 0x0, 0x0, 0x0, 0x0,
    0x23, 0x0, 0x0, 0x0, 0x0, 0x0, 0x0, 0x0,
    0x0, 0x0, 0x0, 0xd, 0xfe, 0x0, 0x0, 0x0,
    0x8f, 0xf4, 0x5, 0xff, 0x60, 0x0, 0x0, 0xef,
    0xc0, 0x0, 0xdf, 0xd0, 0x0, 0x7, 0xff, 0x40,
    0x0, 0x5f, 0xf5, 0x0, 0xe, 0xfc, 0x0, 0x0,
    0xd, 0xfc, 0x0, 0x6f, 0xf3, 0x0, 0x0, 0x5,
    0xff, 0x40, 0xdf, 0xb0, 0x0, 0x0, 0x0, 0xdf,
    0xc5, 0xff, 0x30, 0x0, 0x0, 0x0, 0x5f, 0xfe,
    0xfb, 0x0, 0x0, 0x0, 0x0, 0xc, 0xff, 0xf3,
    0x0, 0x0, 0x0, 0x0, 0x4, 0xff, 0xb0, 0x0,
    0x0, 0x0, 0x0, 0x0, 0xff, 0x70, 0x0, 0x0,
    0x0, 0x0, 0x0, 0xff, 0x70, 0x0, 0x0, 0x0,
    0x0, 0x0, 0xff, 0x70, 0x0, 0x0, 0x0, 0x0,
    0x0, 0xff, 0x70, 0x0, 0x0, 0x0, 0x0, 0x0,
    0xff, 0x70, 0x0, 0x0, 0x0, 0x0, 0x0, 0xff,
    0x70, 0x0, 0x0, 0x0, 0x0, 0x0, 0xff, 0x70,
    0x0, 0x0,

    /* U+00DE "Þ" */
    0xff, 0x90, 0x0, 0x0, 0x0, 0x0, 0xff, 0x90,
    0x0, 0x0, 0x0, 0x0, 0xff, 0x90, 0x0, 0x0,
    0x0, 0x0, 0xff, 0xff, 0xff, 0xec, 0x70, 0x0,
    0xff, 0xff, 0xff, 0xff, 0xfd, 0x20, 0xff, 0xb5,
    0x55, 0x7c, 0xff, 0xc0, 0xff, 0x90, 0x0, 0x0,
    0xaf, 0xf3, 0xff, 0x90, 0x0, 0x0, 0x3f, 0xf6,
    0xff, 0x90, 0x0, 0x0, 0x3f, 0xf7, 0xff, 0x90,
    0x0, 0x0, 0x7f, 0xf4, 0xff, 0x90, 0x0, 0x27,
    0xff, 0xe0, 0xff, 0xff, 0xff, 0xff, 0xff, 0x40,
    0xff, 0xff, 0xff, 0xff, 0xc3, 0x0, 0xff, 0xb5,
    0x55, 0x41, 0x0, 0x0, 0xff, 0x90, 0x0, 0x0,
    0x0, 0x0, 0xff, 0x90, 0x0, 0x0, 0x0, 0x0,
    0xff, 0x90, 0x0, 0x0, 0x0, 0x0,

    /* U+00DF "ß" */
    0x0, 0x7, 0xcf, 0xfd, 0x91, 0x0, 0x0, 0xc,
    0xff, 0xff, 0xff, 0xe2, 0x0, 0x9, 0xff, 0xb6,
    0x59, 0xff, 0xc0, 0x0, 0xff, 0xa0, 0x0, 0x8,
    0xff, 0x20, 0x3f, 0xf4, 0x0, 0x0, 0x4f, 0xf3,
    0x4, 0xff, 0x10, 0x0, 0x7, 0xff, 0x10, 0x5f,
    0xf1, 0x0, 0x16, 0xff, 0x80, 0x5, 0xff, 0x12,
    0xff, 0xff, 0x80, 0x0, 0x5f, 0xf1, 0x2f, 0xff,
    0xfb, 0x20, 0x5, 0xff, 0x10, 0x45, 0x7d, 0xff,
    0x30, 0x5f, 0xf1, 0x0, 0x0, 0xc, 0xfd, 0x5,
    0xff, 0x10, 0x0, 0x0, 0x5f, 0xf1, 0x5f, 0xf1,
    0x0, 0x0, 0x5, 0xff, 0x35, 0xff, 0x10, 0x0,
    0x0, 0xbf, 0xf1, 0x5f, 0xf1, 0x14, 0x46, 0xcf,
    0xfa, 0x5, 0xff, 0x15, 0xff, 0xff, 0xfc, 0x10,
    0x5f, 0xf1, 0x5f, 0xfe, 0xb6, 0x0, 0x0,

    /* U+00E0 "à" */
    0x0, 0xd, 0xfa, 0x0, 0x0, 0x0, 0x0, 0x0,
    0x3f, 0xf2, 0x0, 0x0, 0x0, 0x0, 0x0, 0x9f,
    0x90, 0x0, 0x0, 0x0, 0x0, 0x0, 0x32, 0x0,
    0x0, 0x0, 0x0, 0x19, 0xdf, 0xfc, 0x50, 0x0,
    0x0, 0x3f, 0xff, 0xff, 0xff, 0x90, 0x0, 0xe,
    0xfe, 0x63, 0x4b, 0xff, 0x30, 0x6, 0xff, 0x40,
    0x0, 0xe, 0xf9, 0x0, 0x1, 0x10, 0x0, 0x0,
    0xbf, 0xb0, 0x0, 0x0, 0x3, 0x69, 0xcf, 0xfc,
    0x0, 0x2, 0x9f, 0xff, 0xff, 0xff, 0xc0, 0x1,
    0xef, 0xfa, 0x73, 0xa, 0xfc, 0x0, 0x9f, 0xf1,
    0x0, 0x0, 0xcf, 0xc0, 0xb, 0xfc, 0x0, 0x0,
    0x2f, 0xfc, 0x0, 0x9f, 0xf5, 0x1, 0x4d, 0xff,
    0xe4, 0x12, 0xef, 0xff, 0xff, 0xe6, 0xff, 0xf4,
    0x2, 0x9e, 0xfe, 0x91, 0x7, 0xef, 0x30,

    /* U+00E1 "á" */
    0x0, 0x0, 0x0, 0xef, 0x90, 0x0, 0x0, 0x0,
    0x0, 0x6f, 0xe0, 0x0, 0x0, 0x0, 0x0, 0xe,
    0xf4, 0x0, 0x0, 0x0, 0x0, 0x0, 0x32, 0x0,
    0x0, 0x0, 0x0, 0x19, 0xdf, 0xfc, 0x50, 0x0,
    0x0, 0x3f, 0xff, 0xff, 0xff, 0x90, 0x0, 0xe,
    0xfe, 0x63, 0x4b, 0xff, 0x30, 0x6, 0xff, 0x40,
    0x0, 0xe, 0xf9, 0x0, 0x1, 0x10, 0x0, 0x0,
    0xbf, 0xb0, 0x0, 0x0, 0x3, 0x69, 0xcf, 0xfc,
    0x0, 0x2, 0x9f, 0xff, 0xff, 0xff, 0xc0, 0x1,
    0xef, 0xfa, 0x73, 0xa, 0xfc, 0x0, 0x9f, 0xf1,
    0x0, 0x0, 0xcf, 0xc0, 0xb, 0xfc, 0x0, 0x0,
    0x2f, 0xfc, 0x0, 0x9f, 0xf5, 0x1, 0x4d, 0xff,
    0xe4, 0x12, 0xef, 0xff, 0xff, 0xe6, 0xff, 0xf4,
    0x2, 0x9e, 0xfe, 0x91, 0x7, 0xef, 0x30,

    /* U+00E2 "â" */
    0x0, 0x0, 0xcf, 0xf5, 0x0, 0x0, 0x0, 0x0,
    0x6f, 0xae, 0xe1, 0x0, 0x0, 0x0, 0x1f, 0xd0,
    0x5f, 0xa0, 0x0, 0x0, 0x4, 0x83, 0x0, 0x67,
    0x10, 0x0, 0x0, 0x0, 0x0, 0x0, 0x0, 0x0,
    0x0, 0x1, 0x9d, 0xff, 0xc5, 0x0, 0x0, 0x3,
    0xff, 0xff, 0xff, 0xf9, 0x0, 0x0, 0xef, 0xe6,
    0x34, 0xbf, 0xf3, 0x0, 0x6f, 0xf4, 0x0, 0x0,
    0xef, 0x90, 0x0, 0x11, 0x0, 0x0, 0xb, 0xfb,
    0x0, 0x0, 0x0, 0x36, 0x9c, 0xff, 0xc0, 0x0,
    0x29, 0xff, 0xff, 0xff, 0xfc, 0x0, 0x1e, 0xff,
    0xa7, 0x30, 0xaf, 0xc0, 0x9, 0xff, 0x10, 0x0,
    0xc, 0xfc, 0x0, 0xbf, 0xc0, 0x0, 0x2, 0xff,
    0xc0, 0x9, 0xff, 0x50, 0x14, 0xdf, 0xfe, 0x41,
    0x2e, 0xff, 0xff, 0xfe, 0x6f, 0xff, 0x40, 0x29,
    0xef, 0xe9, 0x10, 0x7e, 0xf3,

    /* U+00E3 "ã" */
    0x0, 0x0, 0x0, 0x0, 0xc9, 0x0, 0x0, 0x4,
    0xdf, 0xda, 0x9f, 0x50, 0x0, 0x0, 0xec, 0x8b,
    0xef, 0x90, 0x0, 0x0, 0x0, 0x0, 0x0, 0x0,
    0x0, 0x0, 0x0, 0x0, 0x0, 0x0, 0x0, 0x0,
    0x0, 0x1, 0x9d, 0xff, 0xc5, 0x0, 0x0, 0x3,
    0xff, 0xff, 0xff, 0xf9, 0x0, 0x0, 0xef, 0xe6,
    0x34, 0xbf, 0xf3, 0x0, 0x6f, 0xf4, 0x0, 0x0,
    0xef, 0x90, 0x0, 0x11, 0x0, 0x0, 0xb, 0xfb,
    0x0, 0x0, 0x0, 0x36, 0x9c, 0xff, 0xc0, 0x0,
    0x29, 0xff, 0xff, 0xff, 0xfc, 0x0, 0x1e, 0xff,
    0xa7, 0x30, 0xaf, 0xc0, 0x9, 0xff, 0x10, 0x0,
    0xc, 0xfc, 0x0, 0xbf, 0xc0, 0x0, 0x2, 0xff,
    0xc0, 0x9, 0xff, 0x50, 0x14, 0xdf, 0xfe, 0x41,
    0x2e, 0xff, 0xff, 0xfe, 0x6f, 0xff, 0x40, 0x29,
    0xef, 0xe9, 0x10, 0x7e, 0xf3,

    /* U+00E4 "ä" */
    0x0, 0xbf, 0xd0, 0x3f, 0xf5, 0x0, 0x0, 0xb,
    0xfd, 0x3, 0xff, 0x50, 0x0, 0x0, 0x68, 0x70,
    0x18, 0x82, 0x0, 0x0, 0x0, 0x0, 0x0, 0x0,
    0x0, 0x0, 0x0, 0x19, 0xdf, 0xfc, 0x50, 0x0,
    0x0, 0x3f, 0xff, 0xff, 0xff, 0x90, 0x0, 0xe,
    0xfe, 0x63, 0x4b, 0xff, 0x30, 0x6, 0xff, 0x40,
    0x0, 0xe, 0xf9, 0x0, 0x1, 0x10, 0x0, 0x0,
    0xbf, 0xb0, 0x0, 0x0, 0x3, 0x69, 0xcf, 0xfc,
    0x0, 0x2, 0x9f, 0xff, 0xff, 0xff, 0xc0, 0x1,
    0xef, 0xfa, 0x73, 0xa, 0xfc, 0x0, 0x9f, 0xf1,
    0x0, 0x0, 0xcf, 0xc0, 0xb, 0xfc, 0x0, 0x0,
    0x2f, 0xfc, 0x0, 0x9f, 0xf5, 0x1, 0x4d, 0xff,
    0xe4, 0x12, 0xef, 0xff, 0xff, 0xe6, 0xff, 0xf4,
    0x2, 0x9e, 0xfe, 0x91, 0x7, 0xef, 0x30,

    /* U+00E5 "å" */
    0x0, 0x0, 0x0, 0x0, 0x0, 0x0, 0x0, 0x0,
    0x8, 0xfe, 0x30, 0x0, 0x0, 0x0, 0x3, 0xf6,
    0xad, 0x0, 0x0, 0x0, 0x0, 0x7d, 0x3, 0xf1,
    0x0, 0x0, 0x0, 0x5, 0xf3, 0x8f, 0x0, 0x0,
    0x0, 0x0, 0xb, 0xff, 0x50, 0x0, 0x0, 0x0,
    0x0, 0x2, 0x10, 0x0, 0x0, 0x0, 0x1, 0x9d,
    0xff, 0xc5, 0x0, 0x0, 0x3, 0xff, 0xff, 0xff,
    0xf9, 0x0, 0x0, 0xef, 0xe6, 0x34, 0xbf, 0xf3,
    0x0, 0x6f, 0xf4, 0x0, 0x0, 0xef, 0x90, 0x0,
    0x11, 0x0, 0x0, 0xb, 0xfb, 0x0, 0x0, 0x0,
    0x36, 0x9c, 0xff, 0xc0, 0x0, 0x29, 0xff, 0xff,
    0xff, 0xfc, 0x0, 0x1e, 0xff, 0xa7, 0x30, 0xaf,
    0xc0, 0x9, 0xff, 0x10, 0x0, 0xc, 0xfc, 0x0,
    0xbf, 0xc0, 0x0, 0x2, 0xff, 0xc0, 0x9, 0xff,
    0x50, 0x14, 0xdf, 0xfe, 0x41, 0x2e, 0xff, 0xff,
    0xfe, 0x6f, 0xff, 0x40, 0x29, 0xef, 0xe9, 0x10,
    0x7e, 0xf3,

    /* U+00E6 "æ" */
    0x0, 0x8d, 0xfc, 0x31, 0xaf, 0xfa, 0x10, 0x0,
    0x8f, 0xff, 0xff, 0xdf, 0xff, 0xfd, 0x0, 0x1f,
    0xf7, 0x3d, 0xff, 0xf5, 0x5f, 0xf7, 0x5, 0xed,
    0x0, 0x6f, 0xf8, 0x0, 0xaf, 0xc0, 0x0, 0x0,
    0x4, 0xff, 0x40, 0x7, 0xfe, 0x0, 0x2, 0x8b,
    0xef, 0xff, 0xee, 0xff, 0xf0, 0x7, 0xff, 0xff,
    0xff, 0xff, 0xff, 0xff, 0x2, 0xff, 0x94, 0x5f,
    0xf3, 0x0, 0x0, 0x0, 0x7f, 0xc0, 0x4, 0xff,
    0x50, 0x1, 0x10, 0x9, 0xfa, 0x0, 0x7f, 0xfa,
    0x0, 0xaf, 0xb0, 0x7f, 0xe1, 0x2e, 0xef, 0xf6,
    0x6f, 0xf6, 0x2, 0xff, 0xff, 0xf3, 0xdf, 0xff,
    0xfe, 0x0, 0x4, 0xcf, 0xd4, 0x1, 0xae, 0xea,
    0x20, 0x0,

    /* U+00E7 "ç" */
    0x0, 0x3, 0xae, 0xfe, 0xa3, 0x0, 0x0, 0x7,
    0xff, 0xff, 0xff, 0xf6, 0x0, 0x4, 0xff, 0xd6,
    0x46, 0xef, 0xf3, 0x0, 0xdf, 0xe0, 0x0, 0x1,
    0xef, 0xa0, 0x3f, 0xf6, 0x0, 0x0, 0x5, 0x98,
    0x5, 0xff, 0x30, 0x0, 0x0, 0x0, 0x0, 0x7f,
    0xf1, 0x0, 0x0, 0x0, 0x0, 0x5, 0xff, 0x30,
    0x0, 0x0, 0x0, 0x0, 0x3f, 0xf6, 0x0, 0x0,
    0x6, 0xcb, 0x0, 0xdf, 0xe0, 0x0, 0x1, 0xef,
    0xb0, 0x5, 0xff, 0xd5, 0x36, 0xdf, 0xf3, 0x0,
    0x7, 0xff, 0xff, 0xff, 0xf6, 0x0, 0x0, 0x3,
    0xaf, 0xff, 0xa3, 0x0, 0x0, 0x0, 0x0, 0xcf,
    0x40, 0x0, 0x0, 0x0, 0x0, 0x7, 0xdf, 0xa0,
    0x0, 0x0, 0x0, 0x0, 0x0, 0xaf, 0x0, 0x0,
    0x0, 0x5, 0xf5, 0x3c, 0xf0, 0x0, 0x0, 0x0,
    0x1c, 0xff, 0xf6, 0x0, 0x0, 0x0, 0x0, 0x3,
    0x41, 0x0, 0x0, 0x0,

    /* U+00E8 "è" */
    0x0, 0x7, 0xff, 0x10, 0x0, 0x0, 0x0, 0x0,
    0xc, 0xf9, 0x0, 0x0, 0x0, 0x0, 0x0, 0x2f,
    0xf1, 0x0, 0x0, 0x0, 0x0, 0x0, 0x23, 0x10,
    0x0, 0x0, 0x0, 0x5, 0xbe, 0xfd, 0x81, 0x0,
    0x0, 0xa, 0xff, 0xff, 0xff, 0xe3, 0x0, 0x7,
    0xff, 0xa5, 0x47, 0xef, 0xe1, 0x0, 0xff, 0x90,
    0x0, 0x3, 0xff, 0x70, 0x5f, 0xf1, 0x0, 0x0,
    0xc, 0xfc, 0x8, 0xff, 0xff, 0xff, 0xff, 0xff,
    0xe0, 0x9f, 0xff, 0xff, 0xff, 0xff, 0xff, 0x8,
    0xff, 0x0, 0x0, 0x0, 0x0, 0x0, 0x5f, 0xf3,
    0x0, 0x0, 0x1, 0x11, 0x0, 0xff, 0xb0, 0x0,
    0x2, 0xff, 0x70, 0x7, 0xff, 0xc5, 0x46, 0xef,
    0xe1, 0x0, 0xa, 0xff, 0xff, 0xff, 0xf3, 0x0,
    0x0, 0x5, 0xbe, 0xfe, 0x92, 0x0, 0x0,

    /* U+00E9 "é" */
    0x0, 0x0, 0x0, 0x8f, 0xf1, 0x0, 0x0, 0x0,
    0x0, 0xf, 0xf6, 0x0, 0x0, 0x0, 0x0, 0x7,
    0xfb, 0x0, 0x0, 0x0, 0x0, 0x0, 0x23, 0x0,
    0x0, 0x0, 0x0, 0x5, 0xbe, 0xfd, 0x81, 0x0,
    0x0, 0xa, 0xff, 0xff, 0xff, 0xe3, 0x0, 0x7,
    0xff, 0xa5, 0x47, 0xef, 0xe1, 0x0, 0xff, 0x90,
    0x0, 0x3, 0xff, 0x70, 0x5f, 0xf1, 0x0, 0x0,
    0xc, 0xfc, 0x8, 0xff, 0xff, 0xff, 0xff, 0xff,
    0xe0, 0x9f, 0xff, 0xff, 0xff, 0xff, 0xff, 0x8,
    0xff, 0x0, 0x0, 0x0, 0x0, 0x0, 0x5f, 0xf3,
    0x0, 0x0, 0x1, 0x11, 0x0, 0xff, 0xb0, 0x0,
    0x2, 0xff, 0x70, 0x7, 0xff, 0xc5, 0x46, 0xef,
    0xe1, 0x0, 0xa, 0xff, 0xff, 0xff, 0xf3, 0x0,
    0x0, 0x5, 0xbe, 0xfe, 0x92, 0x0, 0x0,

    /* U+00EA "ê" */
    0x0, 0x0, 0x5f, 0xfc, 0x0, 0x0, 0x0, 0x0,
    0x1e, 0xfa, 0xf7, 0x0, 0x0, 0x0, 0x9, 0xf5,
    0xd, 0xf2, 0x0, 0x0, 0x0, 0x76, 0x0, 0x28,
    0x40, 0x0, 0x0, 0x0, 0x0, 0x0, 0x0, 0x0,
    0x0, 0x0, 0x5b, 0xef, 0xd8, 0x10, 0x0, 0x0,
    0xaf, 0xff, 0xff, 0xfe, 0x30, 0x0, 0x7f, 0xfa,
    0x54, 0x7e, 0xfe, 0x10, 0xf, 0xf9, 0x0, 0x0,
    0x3f, 0xf7, 0x5, 0xff, 0x10, 0x0, 0x0, 0xcf,
    0xc0, 0x8f, 0xff, 0xff, 0xff, 0xff, 0xfe, 0x9,
    0xff, 0xff, 0xff, 0xff, 0xff, 0xf0, 0x8f, 0xf0,
    0x0, 0x0, 0x0, 0x0, 0x5, 0xff, 0x30, 0x0,
    0x0, 0x11, 0x10, 0xf, 0xfb, 0x0, 0x0, 0x2f,
    0xf7, 0x0, 0x7f, 0xfc, 0x54, 0x6e, 0xfe, 0x10,
    0x0, 0xaf, 0xff, 0xff, 0xff, 0x30, 0x0, 0x0,
    0x5b, 0xef, 0xe9, 0x20, 0x0,

    /* U+00EB "ë" */
    0x0, 0x4f, 0xf4, 0xc, 0xfc, 0x0, 0x0, 0x4,
    0xff, 0x40, 0xcf, 0xc0, 0x0, 0x0, 0x28, 0x82,
    0x6, 0x86, 0x0, 0x0, 0x0, 0x0, 0x0, 0x0,
    0x0, 0x0, 0x0, 0x5, 0xbe, 0xfd, 0x81, 0x0,
    0x0, 0xa, 0xff, 0xff, 0xff, 0xe3, 0x0, 0x7,
    0xff, 0xa5, 0x47, 0xef, 0xe1, 0x0, 0xff, 0x90,
    0x0, 0x3, 0xff, 0x70, 0x5f, 0xf1, 0x0, 0x0,
    0xc, 0xfc, 0x8, 0xff, 0xff, 0xff, 0xff, 0xff,
    0xe0, 0x9f, 0xff, 0xff, 0xff, 0xff, 0xff, 0x8,
    0xff, 0x0, 0x0, 0x0, 0x0, 0x0, 0x5f, 0xf3,
    0x0, 0x0, 0x1, 0x11, 0x0, 0xff, 0xb0, 0x0,
    0x2, 0xff, 0x70, 0x7, 0xff, 0xc5, 0x46, 0xef,
    0xe1, 0x0, 0xa, 0xff, 0xff, 0xff, 0xf3, 0x0,
    0x0, 0x5, 0xbe, 0xfe, 0x92, 0x0, 0x0,

    /* U+00EC "ì" */
    0x0, 0x0, 0xcf, 0xc0, 0x0, 0x0, 0x0, 0x0,
    0x2, 0xff, 0x40, 0x0, 0x0, 0x0, 0x0, 0x7,
    0xfb, 0x0, 0x0, 0x0, 0x0, 0x0, 0x3, 0x30,
    0x0, 0x0, 0xf, 0xff, 0xff, 0xff, 0x40, 0x0,
    0x0, 0xff, 0xff, 0xff, 0xf4, 0x0, 0x0, 0x0,
    0x0, 0x3, 0xff, 0x40, 0x0, 0x0, 0x0, 0x0,
    0x3f, 0xf4, 0x0, 0x0, 0x0, 0x0, 0x3, 0xff,
    0x40, 0x0, 0x0, 0x0, 0x0, 0x3f, 0xf4, 0x0,
    0x0, 0x0, 0x0, 0x3, 0xff, 0x40, 0x0, 0x0,
    0x0, 0x0, 0x3f, 0xf4, 0x0, 0x0, 0x0, 0x0,
    0x3, 0xff, 0x40, 0x0, 0x0, 0x0, 0x0, 0x3f,
    0xf4, 0x0, 0x0, 0x0, 0x0, 0x3, 0xff, 0x40,
    0x0, 0x2, 0xff, 0xff, 0xff, 0xff, 0xff, 0xf8,
    0x2f, 0xff, 0xff, 0xff, 0xff, 0xff, 0x80,

    /* U+00ED "í" */
    0x0, 0x0, 0x0, 0xd, 0xfb, 0x0, 0x0, 0x0,
    0x0, 0x5, 0xff, 0x10, 0x0, 0x0, 0x0, 0x0,
    0xcf, 0x60, 0x0, 0x0, 0x0, 0x0, 0x3, 0x30,
    0x0, 0x0, 0xf, 0xff, 0xff, 0xff, 0x40, 0x0,
    0x0, 0xff, 0xff, 0xff, 0xf4, 0x0, 0x0, 0x0,
    0x0, 0x3, 0xff, 0x40, 0x0, 0x0, 0x0, 0x0,
    0x3f, 0xf4, 0x0, 0x0, 0x0, 0x0, 0x3, 0xff,
    0x40, 0x0, 0x0, 0x0, 0x0, 0x3f, 0xf4, 0x0,
    0x0, 0x0, 0x0, 0x3, 0xff, 0x40, 0x0, 0x0,
    0x0, 0x0, 0x3f, 0xf4, 0x0, 0x0, 0x0, 0x0,
    0x3, 0xff, 0x40, 0x0, 0x0, 0x0, 0x0, 0x3f,
    0xf4, 0x0, 0x0, 0x0, 0x0, 0x3, 0xff, 0x40,
    0x0, 0x2, 0xff, 0xff, 0xff, 0xff, 0xff, 0xf8,
    0x2f, 0xff, 0xff, 0xff, 0xff, 0xff, 0x80,

    /* U+00EE "î" */
    0x0, 0x0, 0x3, 0x88, 0x20, 0x0, 0x0, 0x0,
    0x1, 0xef, 0xfc, 0x0, 0x0, 0x0, 0x0, 0x9f,
    0x68, 0xf7, 0x0, 0x0, 0x0, 0x4f, 0xb0, 0xd,
    0xf2, 0x0, 0x0, 0x0, 0x0, 0x0, 0x0, 0x0,
    0x0, 0xff, 0xff, 0xff, 0xf4, 0x0, 0x0, 0xf,
    0xff, 0xff, 0xff, 0x40, 0x0, 0x0, 0x0, 0x0,
    0x3f, 0xf4, 0x0, 0x0, 0x0, 0x0, 0x3, 0xff,
    0x40, 0x0, 0x0, 0x0, 0x0, 0x3f, 0xf4, 0x0,
    0x0, 0x0, 0x0, 0x3, 0xff, 0x40, 0x0, 0x0,
    0x0, 0x0, 0x3f, 0xf4, 0x0, 0x0, 0x0, 0x0,
    0x3, 0xff, 0x40, 0x0, 0x0, 0x0, 0x0, 0x3f,
    0xf4, 0x0, 0x0, 0x0, 0x0, 0x3, 0xff, 0x40,
    0x0, 0x0, 0x0, 0x0, 0x3f, 0xf4, 0x0, 0x0,
    0x2f, 0xff, 0xff, 0xff, 0xff, 0xff, 0x82, 0xff,
    0xff, 0xff, 0xff, 0xff, 0xf8,

    /* U+00EF "ï" */
    0x0, 0x9, 0xff, 0x1, 0xff, 0x70, 0x0, 0x0,
    0x9f, 0xf0, 0x1f, 0xf7, 0x0, 0x0, 0x4, 0x88,
    0x0, 0x88, 0x30, 0x0, 0x0, 0x0, 0x0, 0x0,
    0x0, 0x0, 0xf, 0xff, 0xff, 0xff, 0x40, 0x0,
    0x0, 0xff, 0xff, 0xff, 0xf4, 0x0, 0x0, 0x0,
    0x0, 0x3, 0xff, 0x40, 0x0, 0x0, 0x0, 0x0,
    0x3f, 0xf4, 0x0, 0x0, 0x0, 0x0, 0x3, 0xff,
    0x40, 0x0, 0x0, 0x0, 0x0, 0x3f, 0xf4, 0x0,
    0x0, 0x0, 0x0, 0x3, 0xff, 0x40, 0x0, 0x0,
    0x0, 0x0, 0x3f, 0xf4, 0x0, 0x0, 0x0, 0x0,
    0x3, 0xff, 0x40, 0x0, 0x0, 0x0, 0x0, 0x3f,
    0xf4, 0x0, 0x0, 0x0, 0x0, 0x3, 0xff, 0x40,
    0x0, 0x2, 0xff, 0xff, 0xff, 0xff, 0xff, 0xf8,
    0x2f, 0xff, 0xff, 0xff, 0xff, 0xff, 0x80,

    /* U+00F0 "ð" */
    0x0, 0x1, 0x73, 0x0, 0x0, 0x0, 0x0, 0x0,
    0x6f, 0xfe, 0x70, 0x39, 0xd0, 0x0, 0x5, 0xae,
    0xff, 0xff, 0xfd, 0x10, 0x0, 0x3, 0xbf, 0xff,
    0xf3, 0x0, 0x0, 0x0, 0x5f, 0xb6, 0xff, 0x70,
    0x0, 0x0, 0x0, 0x32, 0x6, 0xff, 0x0, 0x0,
    0x19, 0xef, 0xff, 0xaf, 0xf5, 0x0, 0x1e, 0xff,
    0xff, 0xff, 0xff, 0xa0, 0xc, 0xff, 0x71, 0x4,
    0xdf, 0xfc, 0x3, 0xff, 0x80, 0x0, 0x1, 0xff,
    0xf0, 0x7f, 0xf1, 0x0, 0x0, 0x9, 0xff, 0x9,
    0xff, 0x0, 0x0, 0x0, 0x7f, 0xf0, 0x8f, 0xf0,
    0x0, 0x0, 0x7, 0xff, 0x6, 0xff, 0x20, 0x0,
    0x0, 0xaf, 0xd0, 0x2f, 0xfa, 0x0, 0x0, 0x2f,
    0xf8, 0x0, 0xaf, 0xfa, 0x43, 0x6e, 0xfe, 0x10,
    0x0, 0xcf, 0xff, 0xff, 0xff, 0x40, 0x0, 0x0,
    0x6c, 0xef, 0xd9, 0x20, 0x0,

    /* U+00F1 "ñ" */
    0x0, 0x0, 0x0, 0x0, 0x37, 0x0, 0x0, 0xa,
    0xfd, 0x60, 0xad, 0x0, 0x0, 0x7f, 0x9b, 0xff,
    0xf6, 0x0, 0x0, 0x46, 0x0, 0x37, 0x40, 0x0,
    0x0, 0x0, 0x0, 0x0, 0x0, 0x0, 0x1f, 0xf2,
    0x2a, 0xef, 0xc5, 0x0, 0x1f, 0xf5, 0xff, 0xff,
    0xff, 0x60, 0x1f, 0xfe, 0xc4, 0x25, 0xef, 0xf1,
    0x1f, 0xfd, 0x0, 0x0, 0x5f, 0xf5, 0x1f, 0xf7,
    0x0, 0x0, 0xf, 0xf7, 0x1f, 0xf5, 0x0, 0x0,
    0xf, 0xf7, 0x1f, 0xf5, 0x0, 0x0, 0xf, 0xf7,
    0x1f, 0xf5, 0x0, 0x0, 0xf, 0xf7, 0x1f, 0xf5,
    0x0, 0x0, 0xf, 0xf7, 0x1f, 0xf5, 0x0, 0x0,
    0xf, 0xf7, 0x1f, 0xf5, 0x0, 0x0, 0xf, 0xf7,
    0x1f, 0xf5, 0x0, 0x0, 0xf, 0xf7, 0x1f, 0xf5,
    0x0, 0x0, 0xf, 0xf7,

    /* U+00F2 "ò" */
    0x0, 0x8, 0xff, 0x10, 0x0, 0x0, 0x0, 0x0,
    0xd, 0xf8, 0x0, 0x0, 0x0, 0x0, 0x0, 0x3f,
    0xf1, 0x0, 0x0, 0x0, 0x0, 0x0, 0x23, 0x10,
    0x0, 0x0, 0x0, 0x5, 0xce, 0xfd, 0x81, 0x0,
    0x0, 0xb, 0xff, 0xff, 0xff, 0xe3, 0x0, 0x9,
    0xff, 0xb5, 0x47, 0xff, 0xe1, 0x2, 0xff, 0xa0,
    0x0, 0x4, 0xff, 0x80, 0x7f, 0xf2, 0x0, 0x0,
    0xc, 0xfd, 0x9, 0xff, 0x0, 0x0, 0x0, 0x8f,
    0xf0, 0xaf, 0xd0, 0x0, 0x0, 0x7, 0xff, 0x19,
    0xff, 0x0, 0x0, 0x0, 0x8f, 0xf0, 0x7f, 0xf2,
    0x0, 0x0, 0xc, 0xfd, 0x2, 0xff, 0xa0, 0x0,
    0x4, 0xff, 0x80, 0x9, 0xff, 0xa4, 0x37, 0xff,
    0xe1, 0x0, 0xb, 0xff, 0xff, 0xff, 0xe3, 0x0,
    0x0, 0x5, 0xce, 0xfd, 0x81, 0x0, 0x0,

    /* U+00F3 "ó" */
    0x0, 0x0, 0x0, 0x8f, 0xe1, 0x0, 0x0, 0x0,
    0x0, 0x1f, 0xf5, 0x0, 0x0, 0x0, 0x0, 0x8,
    0xfa, 0x0, 0x0, 0x0, 0x0, 0x0, 0x23, 0x0,
    0x0, 0x0, 0x0, 0x5, 0xce, 0xfd, 0x81, 0x0,
    0x0, 0xb, 0xff, 0xff, 0xff, 0xe3, 0x0, 0x9,
    0xff, 0xb5, 0x47, 0xff, 0xe1, 0x2, 0xff, 0xa0,
    0x0, 0x4, 0xff, 0x80, 0x7f, 0xf2, 0x0, 0x0,
    0xc, 0xfd, 0x9, 0xff, 0x0, 0x0, 0x0, 0x8f,
    0xf0, 0xaf, 0xd0, 0x0, 0x0, 0x7, 0xff, 0x19,
    0xff, 0x0, 0x0, 0x0, 0x8f, 0xf0, 0x7f, 0xf2,
    0x0, 0x0, 0xc, 0xfd, 0x2, 0xff, 0xa0, 0x0,
    0x4, 0xff, 0x80, 0x9, 0xff, 0xa4, 0x37, 0xff,
    0xe1, 0x0, 0xb, 0xff, 0xff, 0xff, 0xe3, 0x0,
    0x0, 0x5, 0xce, 0xfd, 0x81, 0x0, 0x0,

    /* U+00F4 "ô" */
    0x0, 0x0, 0x6f, 0xfb, 0x0, 0x0, 0x0, 0x0,
    0x1f, 0xeb, 0xf6, 0x0, 0x0, 0x0, 0xa, 0xf4,
    0x1e, 0xe1, 0x0, 0x0, 0x1, 0x86, 0x0, 0x38,
    0x40, 0x0, 0x0, 0x0, 0x0, 0x0, 0x0, 0x0,
    0x0, 0x0, 0x5c, 0xef, 0xd8, 0x10, 0x0, 0x0,
    0xbf, 0xff, 0xff, 0xfe, 0x30, 0x0, 0x9f, 0xfb,
    0x54, 0x7f, 0xfe, 0x10, 0x2f, 0xfa, 0x0, 0x0,
    0x4f, 0xf8, 0x7, 0xff, 0x20, 0x0, 0x0, 0xcf,
    0xd0, 0x9f, 0xf0, 0x0, 0x0, 0x8, 0xff, 0xa,
    0xfd, 0x0, 0x0, 0x0, 0x7f, 0xf1, 0x9f, 0xf0,
    0x0, 0x0, 0x8, 0xff, 0x7, 0xff, 0x20, 0x0,
    0x0, 0xcf, 0xd0, 0x2f, 0xfa, 0x0, 0x0, 0x4f,
    0xf8, 0x0, 0x9f, 0xfa, 0x43, 0x7f, 0xfe, 0x10,
    0x0, 0xbf, 0xff, 0xff, 0xfe, 0x30, 0x0, 0x0,
    0x5c, 0xef, 0xd8, 0x10, 0x0,

    /* U+00F5 "õ" */
    0x0, 0x0, 0x0, 0x0, 0x6f, 0x0, 0x0, 0x1,
    0xbf, 0xeb, 0x8e, 0xb0, 0x0, 0x0, 0x8e, 0x89,
    0xdf, 0xc2, 0x0, 0x0, 0x0, 0x0, 0x0, 0x0,
    0x0, 0x0, 0x0, 0x0, 0x0, 0x0, 0x0, 0x0,
    0x0, 0x0, 0x5c, 0xef, 0xd8, 0x10, 0x0, 0x0,
    0xbf, 0xff, 0xff, 0xfe, 0x30, 0x0, 0x9f, 0xfb,
    0x54, 0x7f, 0xfe, 0x10, 0x2f, 0xfa, 0x0, 0x0,
    0x4f, 0xf8, 0x7, 0xff, 0x20, 0x0, 0x0, 0xcf,
    0xd0, 0x9f, 0xf0, 0x0, 0x0, 0x8, 0xff, 0xa,
    0xfd, 0x0, 0x0, 0x0, 0x7f, 0xf1, 0x9f, 0xf0,
    0x0, 0x0, 0x8, 0xff, 0x7, 0xff, 0x20, 0x0,
    0x0, 0xcf, 0xd0, 0x2f, 0xfa, 0x0, 0x0, 0x4f,
    0xf8, 0x0, 0x9f, 0xfa, 0x43, 0x7f, 0xfe, 0x10,
    0x0, 0xbf, 0xff, 0xff, 0xfe, 0x30, 0x0, 0x0,
    0x5c, 0xef, 0xd8, 0x10, 0x0,

    /* U+00F6 "ö" */
    0x0, 0x5f, 0xf3, 0xd, 0xfb, 0x0, 0x0, 0x5,
    0xff, 0x30, 0xdf, 0xb0, 0x0, 0x0, 0x28, 0x81,
    0x6, 0x86, 0x0, 0x0, 0x0, 0x0, 0x0, 0x0,
    0x0, 0x0, 0x0, 0x5, 0xce, 0xfd, 0x81, 0x0,
    0x0, 0xb, 0xff, 0xff, 0xff, 0xe3, 0x0, 0x9,
    0xff, 0xb5, 0x47, 0xff, 0xe1, 0x2, 0xff, 0xa0,
    0x0, 0x4, 0xff, 0x80, 0x7f, 0xf2, 0x0, 0x0,
    0xc, 0xfd, 0x9, 0xff, 0x0, 0x0, 0x0, 0x8f,
    0xf0, 0xaf, 0xd0, 0x0, 0x0, 0x7, 0xff, 0x19,
    0xff, 0x0, 0x0, 0x0, 0x8f, 0xf0, 0x7f, 0xf2,
    0x0, 0x0, 0xc, 0xfd, 0x2, 0xff, 0xa0, 0x0,
    0x4, 0xff, 0x80, 0x9, 0xff, 0xa4, 0x37, 0xff,
    0xe1, 0x0, 0xb, 0xff, 0xff, 0xff, 0xe3, 0x0,
    0x0, 0x5, 0xce, 0xfd, 0x81, 0x0, 0x0,

    /* U+00F7 "÷" */
    0x0, 0x0, 0x1d, 0xf5, 0x0, 0x0, 0x0, 0x0,
    0x7f, 0xfd, 0x0, 0x0, 0x0, 0x0, 0x3f, 0xf9,
    0x0, 0x0, 0x0, 0x0, 0x1, 0x30, 0x0, 0x0,
    0x0, 0x0, 0x0, 0x0, 0x0, 0x0, 0x6f, 0xff,
    0xff, 0xff, 0xff, 0xfd, 0x6f, 0xff, 0xff, 0xff,
    0xff, 0xfd, 0x2, 0x22, 0x22, 0x22, 0x22, 0x21,
    0x0, 0x0, 0x1, 0x30, 0x0, 0x0, 0x0, 0x0,
    0x3f, 0xf9, 0x0, 0x0, 0x0, 0x0, 0x7f, 0xfd,
    0x0, 0x0, 0x0, 0x0, 0x1d, 0xf6, 0x0, 0x0,

    /* U+00F8 "ø" */
    0x0, 0x5, 0xce, 0xfd, 0x8c, 0xf3, 0x0, 0xb,
    0xff, 0xff, 0xff, 0xfc, 0x0, 0x9, 0xff, 0xb5,
    0x49, 0xff, 0xf1, 0x2, 0xff, 0xa0, 0x0, 0xbf,
    0xff, 0x80, 0x7f, 0xf2, 0x0, 0x6f, 0x8c, 0xfd,
    0x9, 0xff, 0x0, 0x2f, 0xd0, 0x8f, 0xf0, 0xaf,
    0xd0, 0xc, 0xf2, 0x7, 0xff, 0x19, 0xff, 0x7,
    0xf7, 0x0, 0x8f, 0xf0, 0x7f, 0xf5, 0xfc, 0x0,
    0xc, 0xfd, 0x2, 0xff, 0xff, 0x20, 0x4, 0xff,
    0x80, 0x9, 0xff, 0xf4, 0x37, 0xff, 0xe1, 0x0,
    0x3f, 0xff, 0xff, 0xff, 0xe3, 0x0, 0xc, 0xf8,
    0xce, 0xfd, 0x81, 0x0, 0x0,

    /* U+00F9 "ù" */
    0x0, 0xaf, 0xd0, 0x0, 0x0, 0x0, 0x1, 0xef,
    0x50, 0x0, 0x0, 0x0, 0x5, 0xfd, 0x0, 0x0,
    0x0, 0x0, 0x3, 0x30, 0x0, 0x0, 0xff, 0x70,
    0x0, 0x3, 0xff, 0x3f, 0xf7, 0x0, 0x0, 0x3f,
    0xf3, 0xff, 0x70, 0x0, 0x3, 0xff, 0x3f, 0xf7,
    0x0, 0x0, 0x3f, 0xf3, 0xff, 0x70, 0x0, 0x3,
    0xff, 0x3f, 0xf7, 0x0, 0x0, 0x3f, 0xf3, 0xff,
    0x70, 0x0, 0x3, 0xff, 0x3f, 0xf7, 0x0, 0x0,
    0x3f, 0xf3, 0xef, 0x80, 0x0, 0x5, 0xff, 0x3d,
    0xfc, 0x0, 0x0, 0xbf, 0xf3, 0x9f, 0xf8, 0x23,
    0x9f, 0xff, 0x31, 0xef, 0xff, 0xff, 0x6f, 0xf3,
    0x2, 0xbf, 0xfc, 0x50, 0xff, 0x30,

    /* U+00FA "ú" */
    0x0, 0x0, 0xb, 0xfd, 0x0, 0x0, 0x0, 0x3,
    0xff, 0x20, 0x0, 0x0, 0x0, 0xbf, 0x70, 0x0,
    0x0, 0x0, 0x3, 0x30, 0x0, 0x0, 0xff, 0x70,
    0x0, 0x3, 0xff, 0x3f, 0xf7, 0x0, 0x0, 0x3f,
    0xf3, 0xff, 0x70, 0x0, 0x3, 0xff, 0x3f, 0xf7,
    0x0, 0x0, 0x3f, 0xf3, 0xff, 0x70, 0x0, 0x3,
    0xff, 0x3f, 0xf7, 0x0, 0x0, 0x3f, 0xf3, 0xff,
    0x70, 0x0, 0x3, 0xff, 0x3f, 0xf7, 0x0, 0x0,
    0x3f, 0xf3, 0xef, 0x80, 0x0, 0x5, 0xff, 0x3d,
    0xfc, 0x0, 0x0, 0xbf, 0xf3, 0x9f, 0xf8, 0x23,
    0x9f, 0xff, 0x31, 0xef, 0xff, 0xff, 0x6f, 0xf3,
    0x2, 0xbf, 0xfc, 0x50, 0xff, 0x30,

    /* U+00FB "û" */
    0x0, 0x8, 0xff, 0x90, 0x0, 0x0, 0x3, 0xfd,
    0xcf, 0x30, 0x0, 0x0, 0xcf, 0x22, 0xfd, 0x0,
    0x0, 0x28, 0x50, 0x4, 0x82, 0x0, 0x0, 0x0,
    0x0, 0x0, 0x0, 0xf, 0xf7, 0x0, 0x0, 0x3f,
    0xf3, 0xff, 0x70, 0x0, 0x3, 0xff, 0x3f, 0xf7,
    0x0, 0x0, 0x3f, 0xf3, 0xff, 0x70, 0x0, 0x3,
    0xff, 0x3f, 0xf7, 0x0, 0x0, 0x3f, 0xf3, 0xff,
    0x70, 0x0, 0x3, 0xff, 0x3f, 0xf7, 0x0, 0x0,
    0x3f, 0xf3, 0xff, 0x70, 0x0, 0x3, 0xff, 0x3e,
    0xf8, 0x0, 0x0, 0x5f, 0xf3, 0xdf, 0xc0, 0x0,
    0xb, 0xff, 0x39, 0xff, 0x82, 0x39, 0xff, 0xf3,
    0x1e, 0xff, 0xff, 0xf6, 0xff, 0x30, 0x2b, 0xff,
    0xc5, 0xf, 0xf3,

    /* U+00FC "ü" */
    0x7, 0xff, 0x10, 0xff, 0x90, 0x0, 0x7f, 0xf1,
    0xf, 0xf9, 0x0, 0x3, 0x88, 0x0, 0x88, 0x40,
    0x0, 0x0, 0x0, 0x0, 0x0, 0x0, 0xff, 0x70,
    0x0, 0x3, 0xff, 0x3f, 0xf7, 0x0, 0x0, 0x3f,
    0xf3, 0xff, 0x70, 0x0, 0x3, 0xff, 0x3f, 0xf7,
    0x0, 0x0, 0x3f, 0xf3, 0xff, 0x70, 0x0, 0x3,
    0xff, 0x3f, 0xf7, 0x0, 0x0, 0x3f, 0xf3, 0xff,
    0x70, 0x0, 0x3, 0xff, 0x3f, 0xf7, 0x0, 0x0,
    0x3f, 0xf3, 0xef, 0x80, 0x0, 0x5, 0xff, 0x3d,
    0xfc, 0x0, 0x0, 0xbf, 0xf3, 0x9f, 0xf8, 0x23,
    0x9f, 0xff, 0x31, 0xef, 0xff, 0xff, 0x6f, 0xf3,
    0x2, 0xbf, 0xfc, 0x50, 0xff, 0x30,

    /* U+00FD "ý" */
    0x0, 0x0, 0x0, 0x8f, 0xe1, 0x0, 0x0, 0x0,
    0x0, 0x1f, 0xf5, 0x0, 0x0, 0x0, 0x0, 0x8,
    0xfa, 0x0, 0x0, 0x0, 0x0, 0x0, 0x23, 0x0,
    0x0, 0x0, 0xbf, 0xd0, 0x0, 0x0, 0x7, 0xff,
    0x25, 0xff, 0x30, 0x0, 0x0, 0xcf, 0xc0, 0xf,
    0xf8, 0x0, 0x0, 0x1f, 0xf6, 0x0, 0xaf, 0xe0,
    0x0, 0x6, 0xff, 0x10, 0x4, 0xff, 0x30, 0x0,
    0xbf, 0xb0, 0x0, 0xe, 0xf9, 0x0, 0x1f, 0xf6,
    0x0, 0x0, 0x9f, 0xe0, 0x6, 0xff, 0x10, 0x0,
    0x3, 0xff, 0x40, 0xbf, 0xb0, 0x0, 0x0, 0xd,
    0xf9, 0xf, 0xf5, 0x0, 0x0, 0x0, 0x7f, 0xe5,
    0xff, 0x0, 0x0, 0x0, 0x2, 0xff, 0xef, 0xa0,
    0x0, 0x0, 0x0, 0xc, 0xff, 0xf5, 0x0, 0x0,
    0x0, 0x0, 0x6f, 0xff, 0x0, 0x0, 0x0, 0x0,
    0x0, 0xaf, 0xa0, 0x0, 0x0, 0x0, 0x0, 0x4f,
    0xf4, 0x0, 0x0, 0x0, 0xe, 0xff, 0xfd, 0x0,
    0x0, 0x0, 0x0, 0xef, 0xfb, 0x20, 0x0, 0x0,
    0x0,

    /* U+00FE "þ" */
    0x4f, 0xf3, 0x0, 0x0, 0x0, 0x0, 0x4, 0xff,
    0x30, 0x0, 0x0, 0x0, 0x0, 0x4f, 0xf3, 0x0,
    0x0, 0x0, 0x0, 0x4, 0xff, 0x30, 0x0, 0x0,
    0x0, 0x0, 0x4f, 0xf3, 0x4b, 0xfe, 0xc5, 0x0,
    0x4, 0xff, 0x9f, 0xff, 0xff, 0xf9, 0x0, 0x4f,
    0xff, 0xc4, 0x35, 0xdf, 0xf5, 0x4, 0xff, 0xd0,
    0x0, 0x1, 0xef, 0xc0, 0x4f, 0xf5, 0x0, 0x0,
    0x8, 0xff, 0x14, 0xff, 0x10, 0x0, 0x0, 0x4f,
    0xf3, 0x4f, 0xf0, 0x0, 0x0, 0x3, 0xff, 0x44,
    0xff, 0x20, 0x0, 0x0, 0x4f, 0xf3, 0x4f, 0xf6,
    0x0, 0x0, 0x8, 0xff, 0x14, 0xff, 0xd0, 0x0,
    0x1, 0xef, 0xc0, 0x4f, 0xff, 0xd5, 0x46, 0xef,
    0xf5, 0x4, 0xff, 0x9f, 0xff, 0xff, 0xf9, 0x0,
    0x4f, 0xf3, 0x4c, 0xff, 0xc5, 0x0, 0x4, 0xff,
    0x30, 0x0, 0x0, 0x0, 0x0, 0x4f, 0xf3, 0x0,
    0x0, 0x0, 0x0, 0x4, 0xff, 0x30, 0x0, 0x0,
    0x0, 0x0, 0x4f, 0xf3, 0x0, 0x0, 0x0, 0x0,
    0x0,

    /* U+00FF "ÿ" */
    0x0, 0x4f, 0xf4, 0xc, 0xfc, 0x0, 0x0, 0x4,
    0xff, 0x40, 0xcf, 0xc0, 0x0, 0x0, 0x28, 0x82,
    0x6, 0x86, 0x0, 0x0, 0x0, 0x0, 0x0, 0x0,
    0x0, 0x0, 0xbf, 0xd0, 0x0, 0x0, 0x7, 0xff,
    0x25, 0xff, 0x30, 0x0, 0x0, 0xcf, 0xc0, 0xf,
    0xf8, 0x0, 0x0, 0x1f, 0xf6, 0x0, 0xaf, 0xe0,
    0x0, 0x6, 0xff, 0x10, 0x4, 0xff, 0x30, 0x0,
    0xbf, 0xb0, 0x0, 0xe, 0xf9, 0x0, 0x1f, 0xf6,
    0x0, 0x0, 0x9f, 0xe0, 0x6, 0xff, 0x10, 0x0,
    0x3, 0xff, 0x40, 0xbf, 0xb0, 0x0, 0x0, 0xd,
    0xf9, 0xf, 0xf5, 0x0, 0x0, 0x0, 0x7f, 0xe5,
    0xff, 0x0, 0x0, 0x0, 0x2, 0xff, 0xef, 0xa0,
    0x0, 0x0, 0x0, 0xc, 0xff, 0xf5, 0x0, 0x0,
    0x0, 0x0, 0x6f, 0xff, 0x0, 0x0, 0x0, 0x0,
    0x0, 0xaf, 0xa0, 0x0, 0x0, 0x0, 0x0, 0x4f,
    0xf4, 0x0, 0x0, 0x0, 0xe, 0xff, 0xfd, 0x0,
    0x0, 0x0, 0x0, 0xef, 0xfb, 0x20, 0x0, 0x0,
    0x0,

    /* U+2013 "–" */
    0x23, 0x33, 0x33, 0x33, 0x33, 0xa, 0xff, 0xff,
    0xff, 0xff, 0xf0, 0xaf, 0xff, 0xff, 0xff, 0xff,
    0x0,

    /* U+2014 "—" */
    0x13, 0x33, 0x33, 0x33, 0x33, 0x33, 0x32, 0x8f,
    0xff, 0xff, 0xff, 0xff, 0xff, 0xfe, 0x8f, 0xff,
    0xff, 0xff, 0xff, 0xff, 0xfe,

    /* U+2018 "‘" */
    0x0, 0xeb, 0x4, 0xf5, 0xa, 0xf0, 0xf, 0xb2,
    0x3f, 0xfe, 0x3f, 0xfe, 0x3f, 0xfe,

    /* U+2019 "’" */
    0x8f, 0xfa, 0x8f, 0xfa, 0x8f, 0xfa, 0x16, 0xf6,
    0x9, 0xf1, 0xe, 0xb0, 0x4f, 0x60, 0x12, 0x0,

    /* U+201A "‚" */
    0x2, 0x21, 0x6f, 0xfc, 0x6f, 0xfc, 0x6f, 0xfc,
    0x2, 0xf8, 0x7, 0xf2, 0xd, 0xd0, 0x2f, 0x70,

    /* U+201C "“" */
    0x9, 0xf1, 0x0, 0x9f, 0x10, 0xeb, 0x0, 0xe,
    0xb0, 0x4f, 0x50, 0x4, 0xf5, 0xa, 0xf3, 0x0,
    0xaf, 0x30, 0xdf, 0xf4, 0xe, 0xff, 0x4e, 0xff,
    0x40, 0xef, 0xf4, 0xef, 0xf4, 0xe, 0xff, 0x40,

    /* U+201D "”" */
    0xef, 0xf4, 0xe, 0xff, 0x4e, 0xff, 0x40, 0xef,
    0xf4, 0xef, 0xf4, 0xe, 0xff, 0x41, 0xaf, 0x10,
    0x2b, 0xf1, 0xe, 0xb0, 0x0, 0xeb, 0x4, 0xf5,
    0x0, 0x4f, 0x50, 0x9f, 0x0, 0xa, 0xf0, 0x1,
    0x10, 0x0, 0x11, 0x0,

    /* U+2022 "•" */
    0x1, 0x78, 0x30, 0x1, 0xef, 0xff, 0x60, 0x8f,
    0xff, 0xfe, 0x9, 0xff, 0xff, 0xf0, 0x4f, 0xff,
    0xfa, 0x0, 0x6e, 0xfa, 0x10,

    /* U+2026 "…" */
    0x2, 0x22, 0x1, 0x22, 0x20, 0x22, 0x21, 0xf,
    0xff, 0x37, 0xff, 0xd0, 0xdf, 0xf7, 0xf, 0xff,
    0x37, 0xff, 0xd0, 0xdf, 0xf7, 0xf, 0xff, 0x37,
    0xff, 0xd0, 0xdf, 0xf7,

    /* U+2212 "−" */
    0x1, 0x11, 0x11, 0x11, 0x11, 0x11, 0x1f, 0xff,
    0xff, 0xff, 0xff, 0xfa, 0x1f, 0xff, 0xff, 0xff,
    0xff, 0xfa, 0x1, 0x11, 0x11, 0x11, 0x11, 0x11
};


/*---------------------
 *  GLYPH DESCRIPTION
 *--------------------*/

static const lv_font_fmt_txt_glyph_dsc_t glyph_dsc[] = {
    {.bitmap_index = 0, .adv_w = 0, .box_w = 0, .box_h = 0, .ofs_x = 0, .ofs_y = 0} /* id = 0 reserved */,
    {.bitmap_index = 0, .adv_w = 230, .box_w = 0, .box_h = 0, .ofs_x = 0, .ofs_y = 0},
    {.bitmap_index = 0, .adv_w = 230, .box_w = 4, .box_h = 17, .ofs_x = 5, .ofs_y = 0},
    {.bitmap_index = 34, .adv_w = 230, .box_w = 8, .box_h = 9, .ofs_x = 3, .ofs_y = 8},
    {.bitmap_index = 70, .adv_w = 230, .box_w = 13, .box_h = 17, .ofs_x = 1, .ofs_y = 0},
    {.bitmap_index = 181, .adv_w = 230, .box_w = 13, .box_h = 22, .ofs_x = 1, .ofs_y = -2},
    {.bitmap_index = 324, .adv_w = 230, .box_w = 15, .box_h = 17, .ofs_x = 0, .ofs_y = 0},
    {.bitmap_index = 452, .adv_w = 230, .box_w = 14, .box_h = 17, .ofs_x = 0, .ofs_y = 0},
    {.bitmap_index = 571, .adv_w = 230, .box_w = 4, .box_h = 9, .ofs_x = 5, .ofs_y = 8},
    {.bitmap_index = 589, .adv_w = 230, .box_w = 8, .box_h = 21, .ofs_x = 3, .ofs_y = -3},
    {.bitmap_index = 673, .adv_w = 230, .box_w = 8, .box_h = 21, .ofs_x = 3, .ofs_y = -3},
    {.bitmap_index = 757, .adv_w = 230, .box_w = 12, .box_h = 12, .ofs_x = 1, .ofs_y = 6},
    {.bitmap_index = 829, .adv_w = 230, .box_w = 12, .box_h = 12, .ofs_x = 1, .ofs_y = 1},
    {.bitmap_index = 901, .adv_w = 230, .box_w = 4, .box_h = 8, .ofs_x = 5, .ofs_y = -4},
    {.bitmap_index = 917, .adv_w = 230, .box_w = 10, .box_h = 3, .ofs_x = 2, .ofs_y = 6},
    {.bitmap_index = 932, .adv_w = 230, .box_w = 4, .box_h = 4, .ofs_x = 5, .ofs_y = 0},
    {.bitmap_index = 940, .adv_w = 230, .box_w = 10, .box_h = 21, .ofs_x = 2, .ofs_y = -3},
    {.bitmap_index = 1045, .adv_w = 230, .box_w = 13, .box_h = 17, .ofs_x = 1, .ofs_y = 0},
    {.bitmap_index = 1156, .adv_w = 230, .box_w = 13, .box_h = 17, .ofs_x = 1, .ofs_y = 0},
    {.bitmap_index = 1267, .adv_w = 230, .box_w = 13, .box_h = 17, .ofs_x = 1, .ofs_y = 0},
    {.bitmap_index = 1378, .adv_w = 230, .box_w = 13, .box_h = 17, .ofs_x = 1, .ofs_y = 0},
    {.bitmap_index = 1489, .adv_w = 230, .box_w = 14, .box_h = 17, .ofs_x = 0, .ofs_y = 0},
    {.bitmap_index = 1608, .adv_w = 230, .box_w = 13, .box_h = 17, .ofs_x = 1, .ofs_y = 0},
    {.bitmap_index = 1719, .adv_w = 230, .box_w = 13, .box_h = 17, .ofs_x = 1, .ofs_y = 0},
    {.bitmap_index = 1830, .adv_w = 230, .box_w = 13, .box_h = 17, .ofs_x = 1, .ofs_y = 0},
    {.bitmap_index = 1941, .adv_w = 230, .box_w = 13, .box_h = 17, .ofs_x = 1, .ofs_y = 0},
    {.bitmap_index = 2052, .adv_w = 230, .box_w = 13, .box_h = 17, .ofs_x = 1, .ofs_y = 0},
    {.bitmap_index = 2163, .adv_w = 230, .box_w = 4, .box_h = 13, .ofs_x = 5, .ofs_y = 0},
    {.bitmap_index = 2189, .adv_w = 230, .box_w = 4, .box_h = 16, .ofs_x = 5, .ofs_y = -4},
    {.bitmap_index = 2221, .adv_w = 230, .box_w = 12, .box_h = 14, .ofs_x = 1, .ofs_y = 0},
    {.bitmap_index = 2305, .adv_w = 230, .box_w = 12, .box_h = 8, .ofs_x = 1, .ofs_y = 3},
    {.bitmap_index = 2353, .adv_w = 230, .box_w = 12, .box_h = 14, .ofs_x = 1, .ofs_y = 0},
    {.bitmap_index = 2437, .adv_w = 230, .box_w = 12, .box_h = 17, .ofs_x = 1, .ofs_y = 0},
    {.bitmap_index = 2539, .adv_w = 230, .box_w = 14, .box_h = 20, .ofs_x = 0, .ofs_y = -3},
    {.bitmap_index = 2679, .adv_w = 230, .box_w = 14, .box_h = 17, .ofs_x = 0, .ofs_y = 0},
    {.bitmap_index = 2798, .adv_w = 230, .box_w = 13, .box_h = 17, .ofs_x = 1, .ofs_y = 0},
    {.bitmap_index = 2909, .adv_w = 230, .box_w = 14, .box_h = 17, .ofs_x = 0, .ofs_y = 0},
    {.bitmap_index = 3028, .adv_w = 230, .box_w = 13, .box_h = 17, .ofs_x = 1, .ofs_y = 0},
    {.bitmap_index = 3139, .adv_w = 230, .box_w = 11, .box_h = 17, .ofs_x = 2, .ofs_y = 0},
    {.bitmap_index = 3233, .adv_w = 230, .box_w = 12, .box_h = 17, .ofs_x = 2, .ofs_y = 0},
    {.bitmap_index = 3335, .adv_w = 230, .box_w = 14, .box_h = 17, .ofs_x = 0, .ofs_y = 0},
    {.bitmap_index = 3454, .adv_w = 230, .box_w = 13, .box_h = 17, .ofs_x = 1, .ofs_y = 0},
    {.bitmap_index = 3565, .adv_w = 230, .box_w = 12, .box_h = 17, .ofs_x = 1, .ofs_y = 0},
    {.bitmap_index = 3667, .adv_w = 230, .box_w = 13, .box_h = 17, .ofs_x = 0, .ofs_y = 0},
    {.bitmap_index = 3778, .adv_w = 230, .box_w = 13, .box_h = 17, .ofs_x = 1, .ofs_y = 0},
    {.bitmap_index = 3889, .adv_w = 230, .box_w = 12, .box_h = 17, .ofs_x = 2, .ofs_y = 0},
    {.bitmap_index = 3991, .adv_w = 230, .box_w = 13, .box_h = 17, .ofs_x = 1, .ofs_y = 0},
    {.bitmap_index = 4102, .adv_w = 230, .box_w = 12, .box_h = 17, .ofs_x = 1, .ofs_y = 0},
    {.bitmap_index = 4204, .adv_w = 230, .box_w = 14, .box_h = 17, .ofs_x = 0, .ofs_y = 0},
    {.bitmap_index = 4323, .adv_w = 230, .box_w = 12, .box_h = 17, .ofs_x = 2, .ofs_y = 0},
    {.bitmap_index = 4425, .adv_w = 230, .box_w = 14, .box_h = 20, .ofs_x = 0, .ofs_y = -3},
    {.bitmap_index = 4565, .adv_w = 230, .box_w = 12, .box_h = 17, .ofs_x = 1, .ofs_y = 0},
    {.bitmap_index = 4667, .adv_w = 230, .box_w = 13, .box_h = 17, .ofs_x = 1, .ofs_y = 0},
    {.bitmap_index = 4778, .adv_w = 230, .box_w = 14, .box_h = 17, .ofs_x = 0, .ofs_y = 0},
    {.bitmap_index = 4897, .adv_w = 230, .box_w = 13, .box_h = 17, .ofs_x = 1, .ofs_y = 0},
    {.bitmap_index = 5008, .adv_w = 230, .box_w = 14, .box_h = 17, .ofs_x = 0, .ofs_y = 0},
    {.bitmap_index = 5127, .adv_w = 230, .box_w = 14, .box_h = 17, .ofs_x = 0, .ofs_y = 0},
    {.bitmap_index = 5246, .adv_w = 230, .box_w = 13, .box_h = 17, .ofs_x = 1, .ofs_y = 0},
    {.bitmap_index = 5357, .adv_w = 230, .box_w = 14, .box_h = 17, .ofs_x = 0, .ofs_y = 0},
    {.bitmap_index = 5476, .adv_w = 230, .box_w = 13, .box_h = 17, .ofs_x = 1, .ofs_y = 0},
    {.bitmap_index = 5587, .adv_w = 230, .box_w = 9, .box_h = 21, .ofs_x = 3, .ofs_y = -3},
    {.bitmap_index = 5682, .adv_w = 230, .box_w = 10, .box_h = 21, .ofs_x = 2, .ofs_y = -3},
    {.bitmap_index = 5787, .adv_w = 230, .box_w = 9, .box_h = 21, .ofs_x = 3, .ofs_y = -3},
    {.bitmap_index = 5882, .adv_w = 230, .box_w = 10, .box_h = 8, .ofs_x = 2, .ofs_y = 9},
    {.bitmap_index = 5922, .adv_w = 230, .box_w = 12, .box_h = 3, .ofs_x = 1, .ofs_y = -2},
    {.bitmap_index = 5940, .adv_w = 230, .box_w = 6, .box_h = 6, .ofs_x = 4, .ofs_y = 12},
    {.bitmap_index = 5958, .adv_w = 230, .box_w = 13, .box_h = 13, .ofs_x = 1, .ofs_y = 0},
    {.bitmap_index = 6043, .adv_w = 230, .box_w = 13, .box_h = 17, .ofs_x = 1, .ofs_y = 0},
    {.bitmap_index = 6154, .adv_w = 230, .box_w = 13, .box_h = 13, .ofs_x = 1, .ofs_y = 0},
    {.bitmap_index = 6239, .adv_w = 230, .box_w = 13, .box_h = 17, .ofs_x = 0, .ofs_y = 0},
    {.bitmap_index = 6350, .adv_w = 230, .box_w = 13, .box_h = 13, .ofs_x = 1, .ofs_y = 0},
    {.bitmap_index = 6435, .adv_w = 230, .box_w = 12, .box_h = 17, .ofs_x = 1, .ofs_y = 0},
    {.bitmap_index = 6537, .adv_w = 230, .box_w = 12, .box_h = 17, .ofs_x = 1, .ofs_y = -4},
    {.bitmap_index = 6639, .adv_w = 230, .box_w = 11, .box_h = 17, .ofs_x = 2, .ofs_y = 0},
    {.bitmap_index = 6733, .adv_w = 230, .box_w = 13, .box_h = 17, .ofs_x = 1, .ofs_y = 0},
    {.bitmap_index = 6844, .adv_w = 230, .box_w = 9, .box_h = 21, .ofs_x = 2, .ofs_y = -4},
    {.bitmap_index = 6939, .adv_w = 230, .box_w = 13, .box_h = 17, .ofs_x = 1, .ofs_y = 0},
    {.bitmap_index = 7050, .adv_w = 230, .box_w = 13, .box_h = 17, .ofs_x = 1, .ofs_y = 0},
    {.bitmap_index = 7161, .adv_w = 230, .box_w = 14, .box_h = 13, .ofs_x = 0, .ofs_y = 0},
    {.bitmap_index = 7252, .adv_w = 230, .box_w = 12, .box_h = 13, .ofs_x = 1, .ofs_y = 0},
    {.bitmap_index = 7330, .adv_w = 230, .box_w = 13, .box_h = 13, .ofs_x = 1, .ofs_y = 0},
    {.bitmap_index = 7415, .adv_w = 230, .box_w = 13, .box_h = 17, .ofs_x = 1, .ofs_y = -4},
    {.bitmap_index = 7526, .adv_w = 230, .box_w = 12, .box_h = 17, .ofs_x = 1, .ofs_y = -4},
    {.bitmap_index = 7628, .adv_w = 230, .box_w = 12, .box_h = 13, .ofs_x = 2, .ofs_y = 0},
    {.bitmap_index = 7706, .adv_w = 230, .box_w = 12, .box_h = 13, .ofs_x = 1, .ofs_y = 0},
    {.bitmap_index = 7784, .adv_w = 230, .box_w = 12, .box_h = 16, .ofs_x = 1, .ofs_y = 0},
    {.bitmap_index = 7880, .adv_w = 230, .box_w = 11, .box_h = 13, .ofs_x = 2, .ofs_y = 0},
    {.bitmap_index = 7952, .adv_w = 230, .box_w = 13, .box_h = 13, .ofs_x = 1, .ofs_y = 0},
    {.bitmap_index = 8037, .adv_w = 230, .box_w = 14, .box_h = 13, .ofs_x = 0, .ofs_y = 0},
    {.bitmap_index = 8128, .adv_w = 230, .box_w = 13, .box_h = 13, .ofs_x = 1, .ofs_y = 0},
    {.bitmap_index = 8213, .adv_w = 230, .box_w = 13, .box_h = 17, .ofs_x = 1, .ofs_y = -4},
    {.bitmap_index = 8324, .adv_w = 230, .box_w = 12, .box_h = 13, .ofs_x = 1, .ofs_y = 0},
    {.bitmap_index = 8402, .adv_w = 230, .box_w = 10, .box_h = 21, .ofs_x = 2, .ofs_y = -3},
    {.bitmap_index = 8507, .adv_w = 230, .box_w = 3, .box_h = 21, .ofs_x = 6, .ofs_y = -3},
    {.bitmap_index = 8539, .adv_w = 230, .box_w = 10, .box_h = 21, .ofs_x = 2, .ofs_y = -3},
    {.bitmap_index = 8644, .adv_w = 230, .box_w = 12, .box_h = 5, .ofs_x = 1, .ofs_y = 6},
    {.bitmap_index = 8674, .adv_w = 230, .box_w = 0, .box_h = 0, .ofs_x = 0, .ofs_y = 0},
    {.bitmap_index = 8674, .adv_w = 230, .box_w = 4, .box_h = 17, .ofs_x = 5, .ofs_y = -4},
    {.bitmap_index = 8708, .adv_w = 230, .box_w = 12, .box_h = 17, .ofs_x = 1, .ofs_y = 0},
    {.bitmap_index = 8810, .adv_w = 230, .box_w = 14, .box_h = 17, .ofs_x = 0, .ofs_y = 0},
    {.bitmap_index = 8929, .adv_w = 230, .box_w = 14, .box_h = 14, .ofs_x = 0, .ofs_y = 2},
    {.bitmap_index = 9027, .adv_w = 230, .box_w = 14, .box_h = 17, .ofs_x = 0, .ofs_y = 0},
    {.bitmap_index = 9146, .adv_w = 230, .box_w = 3, .box_h = 21, .ofs_x = 6, .ofs_y = -3},
    {.bitmap_index = 9178, .adv_w = 230, .box_w = 12, .box_h = 19, .ofs_x = 1, .ofs_y = -2},
    {.bitmap_index = 9292, .adv_w = 230, .box_w = 8, .box_h = 3, .ofs_x = 3, .ofs_y = 15},
    {.bitmap_index = 9304, .adv_w = 230, .box_w = 15, .box_h = 18, .ofs_x = 0, .ofs_y = 0},
    {.bitmap_index = 9439, .adv_w = 230, .box_w = 10, .box_h = 9, .ofs_x = 2, .ofs_y = 8},
    {.bitmap_index = 9484, .adv_w = 230, .box_w = 12, .box_h = 10, .ofs_x = 1, .ofs_y = 2},
    {.bitmap_index = 9544, .adv_w = 230, .box_w = 11, .box_h = 6, .ofs_x = 2, .ofs_y = 2},
    {.bitmap_index = 9577, .adv_w = 230, .box_w = 14, .box_h = 15, .ofs_x = 0, .ofs_y = 3},
    {.bitmap_index = 9682, .adv_w = 230, .box_w = 8, .box_h = 2, .ofs_x = 3, .ofs_y = 15},
    {.bitmap_index = 9690, .adv_w = 230, .box_w = 9, .box_h = 8, .ofs_x = 3, .ofs_y = 9},
    {.bitmap_index = 9726, .adv_w = 230, .box_w = 12, .box_h = 14, .ofs_x = 1, .ofs_y = 0},
    {.bitmap_index = 9810, .adv_w = 230, .box_w = 8, .box_h = 9, .ofs_x = 3, .ofs_y = 8},
    {.bitmap_index = 9846, .adv_w = 230, .box_w = 8, .box_h = 9, .ofs_x = 3, .ofs_y = 8},
    {.bitmap_index = 9882, .adv_w = 230, .box_w = 6, .box_h = 6, .ofs_x = 4, .ofs_y = 12},
    {.bitmap_index = 9900, .adv_w = 230, .box_w = 11, .box_h = 17, .ofs_x = 2, .ofs_y = -4},
    {.bitmap_index = 9994, .adv_w = 230, .box_w = 12, .box_h = 17, .ofs_x = 1, .ofs_y = 0},
    {.bitmap_index = 10096, .adv_w = 230, .box_w = 4, .box_h = 4, .ofs_x = 5, .ofs_y = 6},
    {.bitmap_index = 10104, .adv_w = 230, .box_w = 7, .box_h = 7, .ofs_x = 4, .ofs_y = -6},
    {.bitmap_index = 10129, .adv_w = 230, .box_w = 6, .box_h = 9, .ofs_x = 3, .ofs_y = 8},
    {.bitmap_index = 10156, .adv_w = 230, .box_w = 9, .box_h = 9, .ofs_x = 3, .ofs_y = 8},
    {.bitmap_index = 10197, .adv_w = 230, .box_w = 12, .box_h = 10, .ofs_x = 1, .ofs_y = 2},
    {.bitmap_index = 10257, .adv_w = 230, .box_w = 14, .box_h = 17, .ofs_x = 0, .ofs_y = 0},
    {.bitmap_index = 10376, .adv_w = 230, .box_w = 14, .box_h = 18, .ofs_x = 0, .ofs_y = 0},
    {.bitmap_index = 10502, .adv_w = 230, .box_w = 14, .box_h = 17, .ofs_x = 0, .ofs_y = 0},
    {.bitmap_index = 10621, .adv_w = 230, .box_w = 12, .box_h = 17, .ofs_x = 1, .ofs_y = -4},
    {.bitmap_index = 10723, .adv_w = 230, .box_w = 14, .box_h = 22, .ofs_x = 0, .ofs_y = 0},
    {.bitmap_index = 10877, .adv_w = 230, .box_w = 14, .box_h = 22, .ofs_x = 0, .ofs_y = 0},
    {.bitmap_index = 11031, .adv_w = 230, .box_w = 14, .box_h = 22, .ofs_x = 0, .ofs_y = 0},
    {.bitmap_index = 11185, .adv_w = 230, .box_w = 14, .box_h = 22, .ofs_x = 0, .ofs_y = 0},
    {.bitmap_index = 11339, .adv_w = 230, .box_w = 14, .box_h = 22, .ofs_x = 0, .ofs_y = 0},
    {.bitmap_index = 11493, .adv_w = 230, .box_w = 14, .box_h = 23, .ofs_x = 0, .ofs_y = 0},
    {.bitmap_index = 11654, .adv_w = 230, .box_w = 14, .box_h = 17, .ofs_x = 0, .ofs_y = 0},
    {.bitmap_index = 11773, .adv_w = 230, .box_w = 14, .box_h = 23, .ofs_x = 0, .ofs_y = -6},
    {.bitmap_index = 11934, .adv_w = 230, .box_w = 11, .box_h = 22, .ofs_x = 2, .ofs_y = 0},
    {.bitmap_index = 12055, .adv_w = 230, .box_w = 11, .box_h = 22, .ofs_x = 2, .ofs_y = 0},
    {.bitmap_index = 12176, .adv_w = 230, .box_w = 11, .box_h = 22, .ofs_x = 2, .ofs_y = 0},
    {.bitmap_index = 12297, .adv_w = 230, .box_w = 11, .box_h = 22, .ofs_x = 2, .ofs_y = 0},
    {.bitmap_index = 12418, .adv_w = 230, .box_w = 12, .box_h = 22, .ofs_x = 1, .ofs_y = 0},
    {.bitmap_index = 12550, .adv_w = 230, .box_w = 12, .box_h = 22, .ofs_x = 1, .ofs_y = 0},
    {.bitmap_index = 12682, .adv_w = 230, .box_w = 12, .box_h = 22, .ofs_x = 1, .ofs_y = 0},
    {.bitmap_index = 12814, .adv_w = 230, .box_w = 12, .box_h = 22, .ofs_x = 1, .ofs_y = 0},
    {.bitmap_index = 12946, .adv_w = 230, .box_w = 14, .box_h = 17, .ofs_x = 0, .ofs_y = 0},
    {.bitmap_index = 13065, .adv_w = 230, .box_w = 12, .box_h = 22, .ofs_x = 1, .ofs_y = 0},
    {.bitmap_index = 13197, .adv_w = 230, .box_w = 14, .box_h = 22, .ofs_x = 0, .ofs_y = 0},
    {.bitmap_index = 13351, .adv_w = 230, .box_w = 14, .box_h = 22, .ofs_x = 0, .ofs_y = 0},
    {.bitmap_index = 13505, .adv_w = 230, .box_w = 14, .box_h = 22, .ofs_x = 0, .ofs_y = 0},
    {.bitmap_index = 13659, .adv_w = 230, .box_w = 14, .box_h = 22, .ofs_x = 0, .ofs_y = 0},
    {.bitmap_index = 13813, .adv_w = 230, .box_w = 14, .box_h = 22, .ofs_x = 0, .ofs_y = 0},
    {.bitmap_index = 13967, .adv_w = 230, .box_w = 12, .box_h = 12, .ofs_x = 1, .ofs_y = 1},
    {.bitmap_index = 14039, .adv_w = 230, .box_w = 14, .box_h = 17, .ofs_x = 0, .ofs_y = 0},
    {.bitmap_index = 14158, .adv_w = 230, .box_w = 13, .box_h = 22, .ofs_x = 1, .ofs_y = 0},
    {.bitmap_index = 14301, .adv_w = 230, .box_w = 13, .box_h = 22, .ofs_x = 1, .ofs_y = 0},
    {.bitmap_index = 14444, .adv_w = 230, .box_w = 13, .box_h = 22, .ofs_x = 1, .ofs_y = 0},
    {.bitmap_index = 14587, .adv_w = 230, .box_w = 13, .box_h = 22, .ofs_x = 1, .ofs_y = 0},
    {.bitmap_index = 14730, .adv_w = 230, .box_w = 14, .box_h = 22, .ofs_x = 0, .ofs_y = 0},
    {.bitmap_index = 14884, .adv_w = 230, .box_w = 12, .box_h = 17, .ofs_x = 2, .ofs_y = 0},
    {.bitmap_index = 14986, .adv_w = 230, .box_w = 13, .box_h = 17, .ofs_x = 1, .ofs_y = 0},
    {.bitmap_index = 15097, .adv_w = 230, .box_w = 13, .box_h = 17, .ofs_x = 1, .ofs_y = 0},
    {.bitmap_index = 15208, .adv_w = 230, .box_w = 13, .box_h = 17, .ofs_x = 1, .ofs_y = 0},
    {.bitmap_index = 15319, .adv_w = 230, .box_w = 13, .box_h = 18, .ofs_x = 1, .ofs_y = 0},
    {.bitmap_index = 15436, .adv_w = 230, .box_w = 13, .box_h = 18, .ofs_x = 1, .ofs_y = 0},
    {.bitmap_index = 15553, .adv_w = 230, .box_w = 13, .box_h = 17, .ofs_x = 1, .ofs_y = 0},
    {.bitmap_index = 15664, .adv_w = 230, .box_w = 13, .box_h = 20, .ofs_x = 1, .ofs_y = 0},
    {.bitmap_index = 15794, .adv_w = 230, .box_w = 15, .box_h = 13, .ofs_x = 0, .ofs_y = 0},
    {.bitmap_index = 15892, .adv_w = 230, .box_w = 13, .box_h = 19, .ofs_x = 1, .ofs_y = -6},
    {.bitmap_index = 16016, .adv_w = 230, .box_w = 13, .box_h = 17, .ofs_x = 1, .ofs_y = 0},
    {.bitmap_index = 16127, .adv_w = 230, .box_w = 13, .box_h = 17, .ofs_x = 1, .ofs_y = 0},
    {.bitmap_index = 16238, .adv_w = 230, .box_w = 13, .box_h = 18, .ofs_x = 1, .ofs_y = 0},
    {.bitmap_index = 16355, .adv_w = 230, .box_w = 13, .box_h = 17, .ofs_x = 1, .ofs_y = 0},
    {.bitmap_index = 16466, .adv_w = 230, .box_w = 13, .box_h = 17, .ofs_x = 1, .ofs_y = 0},
    {.bitmap_index = 16577, .adv_w = 230, .box_w = 13, .box_h = 17, .ofs_x = 1, .ofs_y = 0},
    {.bitmap_index = 16688, .adv_w = 230, .box_w = 13, .box_h = 18, .ofs_x = 1, .ofs_y = 0},
    {.bitmap_index = 16805, .adv_w = 230, .box_w = 13, .box_h = 17, .ofs_x = 1, .ofs_y = 0},
    {.bitmap_index = 16916, .adv_w = 230, .box_w = 13, .box_h = 18, .ofs_x = 1, .ofs_y = 0},
    {.bitmap_index = 17033, .adv_w = 230, .box_w = 12, .box_h = 18, .ofs_x = 1, .ofs_y = 0},
    {.bitmap_index = 17141, .adv_w = 230, .box_w = 13, .box_h = 17, .ofs_x = 1, .ofs_y = 0},
    {.bitmap_index = 17252, .adv_w = 230, .box_w = 13, .box_h = 17, .ofs_x = 1, .ofs_y = 0},
    {.bitmap_index = 17363, .adv_w = 230, .box_w = 13, .box_h = 18, .ofs_x = 1, .ofs_y = 0},
    {.bitmap_index = 17480, .adv_w = 230, .box_w = 13, .box_h = 18, .ofs_x = 1, .ofs_y = 0},
    {.bitmap_index = 17597, .adv_w = 230, .box_w = 13, .box_h = 17, .ofs_x = 1, .ofs_y = 0},
    {.bitmap_index = 17708, .adv_w = 230, .box_w = 12, .box_h = 12, .ofs_x = 1, .ofs_y = 1},
    {.bitmap_index = 17780, .adv_w = 230, .box_w = 13, .box_h = 13, .ofs_x = 1, .ofs_y = 0},
    {.bitmap_index = 17865, .adv_w = 230, .box_w = 11, .box_h = 17, .ofs_x = 2, .ofs_y = 0},
    {.bitmap_index = 17959, .adv_w = 230, .box_w = 11, .box_h = 17, .ofs_x = 2, .ofs_y = 0},
    {.bitmap_index = 18053, .adv_w = 230, .box_w = 11, .box_h = 18, .ofs_x = 2, .ofs_y = 0},
    {.bitmap_index = 18152, .adv_w = 230, .box_w = 11, .box_h = 17, .ofs_x = 2, .ofs_y = 0},
    {.bitmap_index = 18246, .adv_w = 230, .box_w = 13, .box_h = 21, .ofs_x = 1, .ofs_y = -4},
    {.bitmap_index = 18383, .adv_w = 230, .box_w = 13, .box_h = 21, .ofs_x = 1, .ofs_y = -4},
    {.bitmap_index = 18520, .adv_w = 230, .box_w = 13, .box_h = 21, .ofs_x = 1, .ofs_y = -4},
    {.bitmap_index = 18657, .adv_w = 230, .box_w = 11, .box_h = 3, .ofs_x = 2, .ofs_y = 6},
    {.bitmap_index = 18674, .adv_w = 230, .box_w = 14, .box_h = 3, .ofs_x = 0, .ofs_y = 6},
    {.bitmap_index = 18695, .adv_w = 230, .box_w = 4, .box_h = 7, .ofs_x = 5, .ofs_y = 10},
    {.bitmap_index = 18709, .adv_w = 230, .box_w = 4, .box_h = 8, .ofs_x = 5, .ofs_y = 9},
    {.bitmap_index = 18725, .adv_w = 230, .box_w = 4, .box_h = 8, .ofs_x = 5, .ofs_y = -4},
    {.bitmap_index = 18741, .adv_w = 230, .box_w = 9, .box_h = 7, .ofs_x = 3, .ofs_y = 10},
    {.bitmap_index = 18773, .adv_w = 230, .box_w = 9, .box_h = 8, .ofs_x = 3, .ofs_y = 9},
    {.bitmap_index = 18809, .adv_w = 230, .box_w = 7, .box_h = 6, .ofs_x = 4, .ofs_y = 5},
    {.bitmap_index = 18830, .adv_w = 230, .box_w = 14, .box_h = 4, .ofs_x = 0, .ofs_y = 0},
    {.bitmap_index = 18858, .adv_w = 230, .box_w = 12, .box_h = 4, .ofs_x = 1, .ofs_y = 5}
};

/*---------------------
 *  CHARACTER MAPPING
 *--------------------*/

static const uint16_t unicode_list_3[] = {
    0x0, 0x1, 0x5, 0x6, 0x7, 0x9, 0xa, 0xf,
    0x13, 0x1ff
};

/*Collect the unicode lists and glyph_id offsets*/
static const lv_font_fmt_txt_cmap_t cmaps[] =
{
    {
        .range_start = 32, .range_length = 95, .glyph_id_start = 1,
        .unicode_list = NULL, .glyph_id_ofs_list = NULL, .list_length = 0, .type = LV_FONT_FMT_TXT_CMAP_FORMAT0_TINY
    },
    {
        .range_start = 160, .range_length = 13, .glyph_id_start = 96,
        .unicode_list = NULL, .glyph_id_ofs_list = NULL, .list_length = 0, .type = LV_FONT_FMT_TXT_CMAP_FORMAT0_TINY
    },
    {
        .range_start = 174, .range_length = 82, .glyph_id_start = 109,
        .unicode_list = NULL, .glyph_id_ofs_list = NULL, .list_length = 0, .type = LV_FONT_FMT_TXT_CMAP_FORMAT0_TINY
    },
    {
        .range_start = 8211, .range_length = 512, .glyph_id_start = 191,
        .unicode_list = unicode_list_3, .glyph_id_ofs_list = NULL, .list_length = 10, .type = LV_FONT_FMT_TXT_CMAP_SPARSE_TINY
    }
};



/*--------------------
 *  ALL CUSTOM DATA
 *--------------------*/

#if LVGL_VERSION_MAJOR == 8
/*Store all the custom data of the font*/
static  lv_font_fmt_txt_glyph_cache_t cache;
#endif

#if LVGL_VERSION_MAJOR >= 8
static const lv_font_fmt_txt_dsc_t font_dsc = {
#else
static lv_font_fmt_txt_dsc_t font_dsc = {
#endif
    .glyph_bitmap = glyph_bitmap,
    .glyph_dsc = glyph_dsc,
    .cmaps = cmaps,
    .kern_dsc = NULL,
    .kern_scale = 0,
    .cmap_num = 4,
    .bpp = 4,
    .kern_classes = 0,
    .bitmap_format = 0,
#if LVGL_VERSION_MAJOR == 8
    .cache = &cache
#endif
};



/*-----------------
 *  PUBLIC FONT
 *----------------*/

/*Initialize a public general font descriptor*/
#if LVGL_VERSION_MAJOR >= 8
const lv_font_t charm_text_24 = {
#else
lv_font_t charm_text_24 = {
#endif
    .get_glyph_dsc = lv_font_get_glyph_dsc_fmt_txt,    /*Function pointer to get glyph's data*/
    .get_glyph_bitmap = lv_font_get_bitmap_fmt_txt,    /*Function pointer to get glyph's bitmap*/
    .line_height = 29,          /*The maximum line height required by the font*/
    .base_line = 6,             /*Baseline measured from the bottom of the line*/
#if !(LVGL_VERSION_MAJOR == 6 && LVGL_VERSION_MINOR == 0)
    .subpx = LV_FONT_SUBPX_NONE,
#endif
#if LV_VERSION_CHECK(7, 4, 0) || LVGL_VERSION_MAJOR >= 8
    .underline_position = -2,
    .underline_thickness = 1,
#endif
    .dsc = &font_dsc,          /*The custom font data. Will be accessed by `get_glyph_bitmap/dsc` */
#if LV_VERSION_CHECK(8, 2, 0) || LVGL_VERSION_MAJOR >= 9
    .fallback = NULL,
#endif
    .user_data = NULL,
};



#endif /*#if CHARM_TEXT_24*/

